brand,title,price,original_price,availability,product_url,image_url,tags
Alkaram Studio,RTW | KURTI,1834.00,2620.00,True,https://www.alkaramstudio.com/products/printed-lawn-kurti-66346,https://cdn.shopify.com/s/files/1/0623/6481/1444/products/kurti-st-may22-a2-blue_1__fdfphqvlbcshgzup_a614b3ca-006d-47b6-ac51-deca4cea5838.jpg?v=1718638063,"1 Piece, 2560, 50% off july 25, Basics, Blue, Calico Pret, cut piece, Data-Migrated, Eastern, MAK, MAK Pret, MAK-Summer 2022, Pret, Printed, Ready to Wear, RTW, Sale 2022, SHIRT, show-quickview, showpret, Woman, Women RTW, WOMEN-RTW-BASICS, XXS"
Alkaram Studio,"RTS | SHIRT, TROUSER & DUPATTA",4290.00,0.00,True,https://www.alkaramstudio.com/products/rts-shirt-trouser-dupatta-ec555-3p26b-beige,https://cdn.shopify.com/s/files/1/0623/6481/1444/files/EC555-3P26B-Beige-1_3e1cc6fa-a70a-42db-8ea4-eb88467fe32d.jpg?v=1790682879,"ESSENTIALS, New In, New-30, Ready to Stitch, Shirt- Trouser & Dupatta, Shop by Product, uploaded-24-Sept-26, winter-26, Woman, Women, WOMEN RTS, WOMEN-RTS-ESSENTIALS"
Alkaram Studio,"RTS | SHIRT, TROUSER & DUPATTA",7490.00,0.00,True,https://www.alkaramstudio.com/products/rts-shirt-trouser-dupatta-ec530-3p26-purple,https://cdn.shopify.com/s/files/1/0623/6481/1444/files/EC530-3P26-Purple-2_1.jpg?v=1790682735,"ESSENTIALS, New In, New-30, Ready to Stitch, Shirt- Trouser & Dupatta, Shop by Product, uploaded-24-Sept-26, winter-26, Woman, Women, WOMEN RTS, WOMEN-RTS-ESSENTIALS"
Alkaram Studio,"RTS | SHIRT, TROUSER & DUPATTA",7490.00,0.00,True,https://www.alkaramstudio.com/products/rts-shirt-trouser-dupatta-ec528-3p26-grey,https://cdn.shopify.com/s/files/1/0623/6481/1444/files/EC528-3P26-Gray-1_1.jpg?v=1790682672,"ESSENTIALS, New In, New-30, Ready to Stitch, Shirt- Trouser & Dupatta, Shop by Product, uploaded-24-Sept-26, winter-26, Woman, Women, WOMEN RTS, WOMEN-RTS-ESSENTIALS"
Alkaram Studio,"RTS | SHIRT, TROUSER & DUPATTA",3990.00,0.00,True,https://www.alkaramstudio.com/products/rts-shirt-trouser-dupatta-ec564-3p26a-beige,https://cdn.shopify.com/s/files/1/0623/6481/1444/files/EC564-3P26A-Beige-1_0e3a581b-c206-490f-936b-4094ae145145.jpg?v=1790683047,"ESSENTIALS, New In, New-30, Ready to Stitch, Shirt- Trouser & Dupatta, Shop by Product, uploaded-24-Sept-26, winter-26, Woman, Women, WOMEN RTS, WOMEN-RTS-ESSENTIALS"
Alkaram Studio,"RTS | SHIRT, TROUSER & DUPATTA",5590.00,0.00,True,https://www.alkaramstudio.com/products/rts-shirt-trouser-dupatta-ec562-3p26a-green,https://cdn.shopify.com/s/files/1/0623/6481/1444/files/EC562-3P26A-Green-1_c4a2d4bf-a3a9-4ab3-a097-34c84046dbb5.jpg?v=1790682950,"ESSENTIALS, New In, New-30, Ready to Stitch, Shirt- Trouser & Dupatta, Shop by Product, uploaded-24-Sept-26, winter-26, Woman, Women, WOMEN RTS, WOMEN-RTS-ESSENTIALS"
Alkaram Studio,"RTS | SHIRT, TROUSER & DUPATTA",4290.00,0.00,True,https://www.alkaramstudio.com/products/rts-shirt-trouser-dupatta-ec539-3p26a-red,https://cdn.shopify.com/s/files/1/0623/6481/1444/files/EC539-3P26A-Red-1_1.jpg?v=1790682814,"ESSENTIALS, New In, New-30, Ready to Stitch, Shirt- Trouser & Dupatta, Shop by Product, uploaded-24-Sept-26, winter-26, Woman, Women, WOMEN RTS, WOMEN-RTS-ESSENTIALS"
Alkaram Studio,RTW | SHIRT,1393.00,1990.00,True,https://www.alkaramstudio.com/products/rtw-shirt-be12-1-26-aqua-blue,https://cdn.shopify.com/s/files/1/0623/6481/1444/files/BE12-1-26_1_17341ea5-11e6-4393-888f-e4e33c9e5cae.jpg?v=1771574085,"Basics, BE12-1-26-Aqua Blue-Simplifiedsizechart, Carousel RTW, cut piece, New In, Ready to Wear, Shirt, Shop by Product, Special Price-26, Speical Price Women, Summer-26, uploade-20-Feb-26, Woman, Women, Women RTW, WOMEN-RTW-BASICS"
Alkaram Studio,RTS | SHIRT & DUPATTA,2093.00,2990.00,True,https://www.alkaramstudio.com/products/rts-shirt-dupatta-ec186-26a-2-teal,https://cdn.shopify.com/s/files/1/0623/6481/1444/files/EC186-26B-2-Teal-1_a0d9ed84-5bb7-4db9-bcee-c139f84dad08.jpg?v=1777446554,"Essentials, Essentials Vol 2, Lawn 26, New In, Ready to Stitch, Selling-Fast, Shirt & Dupatta, Shop by Product, Summer-26, Uploaded-10-Apr-26, Woman, Women, Women RTS, Women RTS Azaadi Best Seller, Women RTS Best Seller, WOMEN-RTS-ESSENTIALS"
Alkaram Studio,RTS | SHIRT & TROUSER,1953.00,2790.00,True,https://www.alkaramstudio.com/products/rts-shirt-trouser-bd56-2p26-dusty-red,https://cdn.shopify.com/s/files/1/0623/6481/1444/files/BD56-2P26-DustyRed-1.jpg?v=1767768565,"BASICS, Basics-26 Vol-1, New In, Ready to Stitch, Shirt & Trouser, Shop by Product, Silver, SILVER LAWN, Summer-26, Uploaded-06-Jan-26, Woman, Women, Women RTS, Women RTS Azaadi Best Seller, Women RTS Best Seller, WOMEN-RTS-BASICS"
Alkaram Studio,"RTS | SHIRT, TROUSER & DUPATTA",3569.00,5490.00,True,https://www.alkaramstudio.com/products/3-piece-printed-viscose-slub-suit-with-silky-line-dupatta-fw-44-24-cream,https://cdn.shopify.com/s/files/1/0623/6481/1444/files/FW_44-24-CREAM-1_bdf54ccc-91ca-416f-b946-7fcfee2854fd.jpg?v=1727108613,"3 Piece Fabrics, 30% OFF Banner, 45% off july 25, 50% ghost sale, By Collection, By Fabric, Collections, Essentials, Flat 40% Nov, Ghost discount, New In, Printed, Shirt Trouser & Dupatta, show-quickview, Unstitched, uploaded-23-Sept-24, Viscose, Winter, Winter 2024, Winter Collection, WINTER Winter 25, Woman, Women-RTS, WOMEN-RTS-ESSENTIALS"
Alkaram Studio,"RTS  | SHIRT, TROUSER & DUPATTA",3390.00,0.00,True,https://www.alkaramstudio.com/products/rts-shirt-trouser-dupatta-efl-31-3p25-blue,https://cdn.shopify.com/s/files/1/0623/6481/1444/files/EFL-31-3P25-Blue-1_39c4bcd0-5619-485c-a660-a3cc183a9037.jpg?v=1768907941,"Essentials, Essentials Vol 1, New In, Ready to Stitch, Shirt- Trouser & Dupatta, Shop by Product, Special Price-26, Speical Price Women, Staples, summer'25, Summer-26, Woman, Women, Women Ready to Stitch, WOMEN RTS, Women RTS Best Seller, Women-RTS-Essentials"
Alkaram Studio,RTW | KURTA & SHALWAR,4194.00,6990.00,False,https://www.alkaramstudio.com/products/rtw-kurta-shalwar-mks-emb26-004-gunmetal,https://cdn.shopify.com/s/files/1/0623/6481/1444/files/MKS-EMB26-004_2.jpg?v=1778479890,"Basics, ESSENTIALS, KAMEEZ & SHALWAR, Kurta and Shalwar, Man, Men, MEN-RTW-ESSENTIALS, MKS-EMB26-004-Gunmetal-Simplifiedsizechart, New In, Ready to Wear, Shop by Product, Summer-26, uploaded-11-May-26"
Alkaram Studio,RTW | SHIRT & CULOTTE,4780.00,8690.00,False,https://www.alkaramstudio.com/products/rtw-shirt-cullote-sg78-8-2p25-grey,https://cdn.shopify.com/s/files/1/0623/6481/1444/files/DSC07010_1.jpg?v=1759332945,"Best Seller Women, cut piece, hide-label, Pret, Ready to Wear, Shirt & Trouser, Shop by Product, SIGNATURE, Uploaded-01-Oct-25, WINTER SALE 25, Woman, Women, Women RTW, WOMEN-RTW-SIGNATURE"
Alkaram Studio,"RTS| SHIRT, TROUSER & DUPATTA",4118.00,5490.00,True,https://www.alkaramstudio.com/products/rts-shirt-trouser-dupatta-caj-07-26-green,https://cdn.shopify.com/s/files/1/0623/6481/1444/files/CAJ-07-26-Green-1_246d6722-d2a9-464f-9a1d-3b69b04ab972.jpg?v=1767860221,"Capsule, Jacquard, New In, Ready to Stitch, Shirt- Trouser & Dupatta, Shop by Product, Summer discount 26, Summer-26, Woman, Women, WOMEN RTS, Women RTS Azaadi Best Seller, Women RTS Best Seller"
Alkaram Studio,RTS | COTTON,5990.00,0.00,True,https://www.alkaramstudio.com/products/rts-cotton-akmus-s26-415-zinfandel,https://cdn.shopify.com/s/files/1/0623/6481/1444/files/AKMUS-S26-415_1.jpg?v=1790850016,"CORE, Cotton, Man, Men, MEN-RTS, MEN-RTS-CORE, New In, New-30, Ready To Stitch, Uploaded-01-Oct-26, Winter, Winter-26"
Alkaram Studio,RTS | COTTON,5990.00,0.00,True,https://www.alkaramstudio.com/products/rts-cotton-akmus-s26-417-murmur,https://cdn.shopify.com/s/files/1/0623/6481/1444/files/AKMUS-S26-417_2.jpg?v=1790850018,"CORE, Cotton, Man, Men, MEN-RTS, MEN-RTS-CORE, New In, New-30, Ready To Stitch, Uploaded-01-Oct-26, Winter, Winter-26"
Alkaram Studio,RTS | COTTON,5990.00,0.00,True,https://www.alkaramstudio.com/products/rts-cotton-akmus-s26-414-sycamore,https://cdn.shopify.com/s/files/1/0623/6481/1444/files/AKMUS-S26-414_1.jpg?v=1790850017,"CORE, Cotton, Man, Men, MEN-RTS, MEN-RTS-CORE, New In, New-30, Ready To Stitch, Uploaded-01-Oct-26, Winter, Winter-26"
Alkaram Studio,RTS | COTTON,5990.00,0.00,True,https://www.alkaramstudio.com/products/rts-cotton-akmus-s26-410-lamp-black,https://cdn.shopify.com/s/files/1/0623/6481/1444/files/AKMUS-S26-410_4.jpg?v=1790850016,"CORE, Cotton, Man, Men, MEN-RTS, MEN-RTS-CORE, New In, New-30, Ready To Stitch, Uploaded-01-Oct-26, Winter, Winter-26"
Alkaram Studio,RTS | COTTON,5990.00,0.00,True,https://www.alkaramstudio.com/products/rts-cotton-akmus-s26-409-ivy-green,https://cdn.shopify.com/s/files/1/0623/6481/1444/files/AKMUS-S26-409_2.jpg?v=1790850018,"CORE, Cotton, Man, Men, MEN-RTS, MEN-RTS-CORE, New In, New-30, Ready To Stitch, Uploaded-01-Oct-26, Winter, Winter-26"
Alkaram Studio,RTS | COTTON,5990.00,0.00,True,https://www.alkaramstudio.com/products/rts-cotton-akmus-s26-416-dried-sage,https://cdn.shopify.com/s/files/1/0623/6481/1444/files/AKMUS-S26-416_2.jpg?v=1790850016,"CORE, Cotton, Man, Men, MEN-RTS, MEN-RTS-CORE, New In, New-30, Ready To Stitch, Uploaded-01-Oct-26, Winter, Winter-26"
Alkaram Studio,RTS | COTTON,5990.00,0.00,True,https://www.alkaramstudio.com/products/rts-cotton-akmus-s26-413-nightshade,https://cdn.shopify.com/s/files/1/0623/6481/1444/files/AKMUS-S26-413_2.jpg?v=1790850016,"CORE, Cotton, Man, Men, MEN-RTS, MEN-RTS-CORE, New In, New-30, Ready To Stitch, Uploaded-01-Oct-26, Winter, Winter-26"
Alkaram Studio,RTS | SHIRT,833.00,1190.00,True,https://www.alkaramstudio.com/products/rts-shirt-br03-26-pink,https://cdn.shopify.com/s/files/1/0623/6481/1444/files/BR03-26-Pink-1_9b2519ed-0cbc-4eac-ab99-ea324fa2e68b.jpg?v=1767686989,"BASICS, Basics-26 Vol-1, New In, Ready to Stitch, Shirt, Shop by Product, Silver, Silver discount 26, SILVER LAWN, Summer-26, Uploaded-06-Jan-26, Woman, Women, Women RTS, Women RTS Azaadi Best Seller, Women RTS Best Seller, WOMEN-RTS-BASICS"
Alkaram Studio,RTS | COTTON,5990.00,0.00,True,https://www.alkaramstudio.com/products/rts-cotton-akmus-s26-407-meteorite,https://cdn.shopify.com/s/files/1/0623/6481/1444/files/AKMUS-S26-407_4.jpg?v=1790850015,"CORE, Cotton, Man, Men, MEN-RTS, MEN-RTS-CORE, New In, New-30, Ready To Stitch, Uploaded-01-Oct-26, Winter, Winter-26"
Alkaram Studio,RTS | COTTON,5990.00,0.00,True,https://www.alkaramstudio.com/products/rts-cotton-akmus-s26-412-birch,https://cdn.shopify.com/s/files/1/0623/6481/1444/files/AKMUS-S26-412_3.jpg?v=1790850016,"CORE, Cotton, Man, Men, MEN-RTS, MEN-RTS-CORE, New In, New-30, Ready To Stitch, Uploaded-01-Oct-26, Winter, Winter-26"
Alkaram Studio,RTS | COTTON,5990.00,0.00,True,https://www.alkaramstudio.com/products/rts-cotton-akmus-s26-408-mermaid,https://cdn.shopify.com/s/files/1/0623/6481/1444/files/AKMUS-S26-408_3.jpg?v=1790850016,"CORE, Cotton, Man, Men, MEN-RTS, MEN-RTS-CORE, New In, New-30, Ready To Stitch, Uploaded-01-Oct-26, Winter, Winter-26"
Alkaram Studio,RTS | COTTON,5990.00,0.00,True,https://www.alkaramstudio.com/products/rts-cotton-akmus-s26-411-potting-soil,https://cdn.shopify.com/s/files/1/0623/6481/1444/files/AKMUS-S26-411_1.jpg?v=1790850016,"CORE, Cotton, Man, Men, MEN-RTS, MEN-RTS-CORE, New In, New-30, Ready To Stitch, Uploaded-01-Oct-26, Winter, Winter-26"
Alkaram Studio,"RTW | SHIRT, CULOTTE & DUPATTA",4890.00,8890.00,False,https://www.alkaramstudio.com/products/rtw-shirt-culotte-dupatta-epe117-9-3p25-turquoise,https://cdn.shopify.com/s/files/1/0623/6481/1444/files/EPE117-9-3P25_1_45d713ae-5925-4294-8682-0c96c1934e72.jpg?v=1770193554,"cut piece, EPE117-9-3P25-Turquoise-Simplifiedsizechart, ESSENTIALS, New In, Ready to Wear, Shirt- Trouser & Dupatta, Shop By Product, uploade-04-Feb-26, Woman, Women, Women RTW, Women-Rtw-Essentials"
Alkaram Studio,RTW | SHIRT & TROUSER,4945.00,8990.00,False,https://www.alkaramstudio.com/products/rtw-shirt-trouser-lde438-12-2p25-blue,https://cdn.shopify.com/s/files/1/0623/6481/1444/files/LDE438-12-2P25_1.jpg?v=1774434314,"Carousel RTW, cut piece, Edit Edit, LDE438-12-2P25-Blue-Simplifiedsizechart, LUXE, New In, New in Last Chance, Ready to Wear, Shirt & Trouser, Shop by Category, SHOP BY OCCASSION, SHOP BY OCCASSION FESTIVE, uploade-25-March-26, Woman, Women, Women RTW, WOMEN-RTW-LUXE"
Alkaram Studio,"RTS | SHIRT, TROUSER & DUPATTA",3894.00,5990.00,True,https://www.alkaramstudio.com/products/rts-shirt-trouser-dupatta-ef20-26-green,https://cdn.shopify.com/s/files/1/0623/6481/1444/files/EF20-26-Green-1_d1358270-4df9-4456-9988-d3006779eef7.jpg?v=1768051014,"Essentials, Essentials Vol 1, Lawn 26, New In, Ready to Stitch, Shirt- Trouser & Dupatta, Shop by Product, Summer discount 26, summer'25, Summer-26, uploaded-10-Jan-26, Woman, Women, Women RTS, Women RTS Azaadi Best Seller, Women RTS Best Seller, WOMEN-RTS-ESSENTIALS"
Alkaram Studio,RTW | KURTI,1605.00,3210.00,False,https://www.alkaramstudio.com/products/printed-lawn-kurti-gfku6399-pink,https://cdn.shopify.com/s/files/1/0623/6481/1444/products/OSP-7-006_1.jpg?v=1718640759,"25%Off, 50% off july 25, 60% of, Basics, Calico Pret, cut piece, Eastern, FLAT 30%, Flat 40% off new, Flat 50% Off, GFKU6399-Pink-Simplifiedsizechart, Pret, Printed, Ready To Wear, Sale 2022, SHIRT, show-quickview, showpret, Under 2500, uploaded-04-Oct, Woman, Woman 60%, Women RTW, WOMEN-RTW-BASICS"
Alkaram Studio,"RTS | SHIRT, TROUSER & DUPATTA",3439.00,5290.00,True,https://www.alkaramstudio.com/products/rts-shirt-trouser-dupatta-fw-117-25-1-blue,https://cdn.shopify.com/s/files/1/0623/6481/1444/files/FW-117-25-1-Blue-1.jpg?v=1763364993,"Best Seller, ESSENTIALS, Last Chance Women, Ready to Stitch, Shirt- Trouser & Dupatta, Shop by Product, uploaded-02-Oct-25, Winter, Winter 25, Winter Essentials, WINTER SALE 25, Winter-25 Vol-1, Woman, Women, Women RTS, Women RTS Azaadi Best Seller, Women RTS Best Seller, WOMEN-RTS-ESSENTIALS"
Alkaram Studio,RTW | KURTA,1777.00,3230.00,False,https://www.alkaramstudio.com/products/dyed-khaddar-kurta-gmku1017-space-blue,https://cdn.shopify.com/s/files/1/0623/6481/1444/products/R-SP-314_1.jpg?v=1718603290,"50% ghost sale, 50% off july 25, 60% of, BASICS, Eid Edition 25, Fabric-1800, Flat 40% off new, GMKU1017-Space Blue-Simplifiedsizechart, Khaddar-1800, Kurta, Last Chance Man, Man, Man 60%, MEN-RTW, MEN-RTW-BASICS, Ready To Wear, RTW, Sale 2022, Sale Man Ready to Wear, show-quickview, showpret, Under 2500, uploaded-14-Nov"
Alkaram Studio,RTW | SHIRT,1235.00,2470.00,False,https://www.alkaramstudio.com/products/printed-cambric-shirt-gfku5484-multi,https://cdn.shopify.com/s/files/1/0623/6481/1444/products/MP-FEB-W-23-A-2_1.jpg?v=1718629182,"1 Piece, 2410, 40% ghost sale, 50% off july 25, Calico Pret, Cambric-1800, Eastern, Fabric-1800, Flat 40% off new, Flat 50 2023, Flat 50%, GFKU5484-Simplifiedsizechart, MAK, MAK Pret, MAK West, Multi, OUTERWEAR, Pret, Printed, Ready to Wear, Sale 2022, show-quickview, showpret, Tops, Uploaded-15-feb, Western, Woman, Women RTW, WOMEN-RTW-WESTERN, XXS"
Alkaram Studio,"RTW | SHIRT, TROUSER & DUPATTA",5825.00,10590.00,False,https://www.alkaramstudio.com/products/rtw-shirt-trouser-dupatta-lpe78-1-3p26-pink,https://cdn.shopify.com/s/files/1/0623/6481/1444/files/LPE78-1-3P26_4_59c46be4-6f2f-40be-833f-1552b844a03f.jpg?v=1773820027,"Carousel RTW, cut piece, Edit Edit, Eid Edit 26, LPE78-1-3P26-Pink-Simplifiedsizechart, Luxe, New In, New in Last Chance, Ready to Wear, Shirt - Trouser & Dupatta, Shop by Category, SHOP BY OCCASSION, SHOP BY OCCASSION FESTIVE, uploade-14-March-26, Woman, Women, Women RTW, WOMEN-RTW-LUXE"
Alkaram Studio,Braided Slides – Black,3590.00,0.00,True,https://www.alkaramstudio.com/products/braided-slides-black,https://cdn.shopify.com/s/files/1/0623/6481/1444/files/magnific_generate-6-different-angl_CqQePIyEEy-_2_-1.jpg?v=1790842030,"Accessories, Footwear, New In, Uploaded-13-Aug-26, Women"
Alkaram Studio,RTW | SHIRT & CULOTTE,8690.00,0.00,False,https://www.alkaramstudio.com/products/rtw-shirt-culotte-epe49-1-2p26-cream,https://cdn.shopify.com/s/files/1/0623/6481/1444/files/EPE49-1-2P26_1.jpg?v=1790065761,"EPE49-1-2P26-Cream-Simplifiedsizechart, Essentials, New In, New-30, Ready to Wear, Shirt & Trouser, Shop by Product, uploade-22-Sept-26, Woman, Women, Women RTW, WOMEN-RTW-ESSENTIALS"
Alkaram Studio,RTW | SHIRT & CULOTTE,6990.00,0.00,True,https://www.alkaramstudio.com/products/rtw-shirt-culotte-wde295-10-2p25-black,https://cdn.shopify.com/s/files/1/0623/6481/1444/files/WDE295-10-2P25_1.jpg?v=1782730606,"New In, Ready to Wear, Shirt & Trouser, Shop by Category, uploade-29-june-26, WDE295-10-2P25-Black-Simplifiedsizechart, WESTERN, Woman, Women, Women RTW, WOMEN-RTW-WESTERN"
Alkaram Studio,RTW | SHIRT & TROUSER,7790.00,0.00,True,https://www.alkaramstudio.com/products/rtw-shirt-trouser-wpe117-1-2p26-purple,https://cdn.shopify.com/s/files/1/0623/6481/1444/files/WPE117-1-2P26_1.jpg?v=1790065768,"New In, New-30, Ready to Wear, Shirt & Trouser, Shop by Product, uploade-22-Sept-26, Western, Woman, Women, Women RTW, WOMEN-RTW-WESTERN, WPE117-1-2P26-Purple-Simplifiedsizechart"
Alkaram Studio,"RTW | SHIRT, TROUSER & DUPATTA",15890.00,0.00,True,https://www.alkaramstudio.com/products/rtw-shirt-trouser-dupatta-lde102-1-3p26-grey,https://cdn.shopify.com/s/files/1/0623/6481/1444/files/LDE102-1-3P26_1.jpg?v=1790065768,"LDE102-1-3P26-Grey-Simplifiedsizechart, Luxe, New In, New-30, Ready to Wear, Shirt- Trouser & Dupatta, Shop by Product, uploade-22-Sept-26, Woman, Women, Women RTW, WOMEN-RTW-LUXE"
Alkaram Studio,"RTS  | SHIRT, TROUSER & DUPATTA",3390.00,0.00,True,https://www.alkaramstudio.com/products/rts-shirt-trouser-dupatta-efl-29-3p25-peach,https://cdn.shopify.com/s/files/1/0623/6481/1444/files/EFL-29-3P25-Peach-1.jpg_2.jpg?v=1787556693,"ESSENTIALS, New In, Ready to Stitch, Shirt- Trouser & Dupatta, Shop by Product, Special Price-26, Speical Price Women, Staples, Summer-26, Woman, Women, Women Ready to Stitch, WOMEN-RTS, Women-RTS-Essentials"
Alkaram Studio,"RTS | SHIRT, TROUSER & DUPATTA",5593.00,7990.00,True,https://www.alkaramstudio.com/products/rts-shirt-touser-dupatta-sf-12-26-green,https://cdn.shopify.com/s/files/1/0623/6481/1444/files/SF-12-26-Green-1_66a0c408-5ebd-42ab-a433-eb1952c47e3a.jpg?v=1771831363,"Festive, New In, Ready to Stitch, Shirt- Trouser & Dupatta, SHOP BY OCCASSION, SHOP BY OCCASSION FESTIVE, Shop by Product, Shop by Products, Signature, Summer-26, Uploaded-23-Feb-26, Woman, Women, Women RTS, Women RTS Azaadi Best Seller, Women RTS Best Seller, WOMEN-RTS-SIGNATURE"
Alkaram Studio,"RTS | SHIRT, TROUSER & DUPATTA",3114.00,4790.00,True,https://www.alkaramstudio.com/products/rts-shirt-trouser-dupatta-ef68-26-purple,https://cdn.shopify.com/s/files/1/0623/6481/1444/files/EF68-26-Purple-1.jpg?v=1772607589,"Essentials, Essentials Vol 1, Lawn 26, New In, Ready to Stitch, Shirt- Trouser & Dupatta, Shop by Product, Summer discount 26, Summer-26, uploaded-10-Jan-26, Woman, Women, Women RTS Azaadi Best Seller, Women RTS Best Seller, WOMEN-RTS, WOMEN-RTS-ESSENTIALS"
Alkaram Studio,RTW | SHIRT & TROUSER,3495.00,6990.00,False,https://www.alkaramstudio.com/products/rtw-shirt-trouser-gfsu5968-green,https://cdn.shopify.com/s/files/1/0623/6481/1444/files/WSPE2P-2-084_1_0bf1de47-36a5-4d88-b838-aa236479907e.jpg?v=1753786863,"Best Seller Women, Calico Pret, cut piece, Eastern, Embroidered, ESSENTIALS, New In, New in Last Chance, Pret, Pret Co-ords, SHIRT & TROUSER, show-quickview, showpret, Uploaded-29-July-25, WINTER SALE 25, Woman, WOMEN, WOMEN-RTW, WOMEN-RTW-ESSENTIALS"
Alkaram Studio,RTW | SHIRT & TROUSER,3570.00,6490.00,False,https://www.alkaramstudio.com/products/rtw-shirt-trouser-ede340-11-2p25-green,https://cdn.shopify.com/s/files/1/0623/6481/1444/files/EDE340-11-2P25_1.jpg?v=1773055117,"cut piece, EDE340-11-2P25-Green-Simplifiedsizechart, Essentials, New In, Ready to Wear, Shirt, Shop by Product, Trouser, uploade-07-March-26, Woman, Women, Women RTW, WOMEN-RTW-ESSENTIALS"
Alkaram Studio,RTS | TROUSER,833.00,1190.00,True,https://www.alkaramstudio.com/products/rts-trouser-bt-4-navy-blue,https://cdn.shopify.com/s/files/1/0623/6481/1444/files/A132419380.jpg?v=1785838560,"Basics, BASICS-26 VOL-1, Bottoms, New In, Ready to Stitch, Shop by Product, Summer-26, Uploaded-04-Aug-26, Woman, Women, Women RTS, Women RTS Azaadi Best Seller, Women RTS Best Seller, WOMEN-RTS-BASICS"
Alkaram Studio,"RTS | SHIRT, TROUSER & DUPATTA",2793.00,3990.00,True,https://www.alkaramstudio.com/products/rts-shirt-trouser-dupatta-ec101-26-green,https://cdn.shopify.com/s/files/1/0623/6481/1444/files/EC101-26-Green-1.jpg?v=1770123052,"Essentials, Lawn 26, New In, Ready to Stitch, Shirt- Trouser & Dupatta, Shop by Product, uploaded-18-Jan-26, Woman, Women, WOMEN-RTS, WOMEN-RTS-ESSENTIALS"
Alkaram Studio,RTW  | SHIRT & CULOTTE,3345.00,6690.00,True,https://www.alkaramstudio.com/products/rtw-shirt-culotte-gfsu6162-black,https://cdn.shopify.com/s/files/1/0623/6481/1444/files/WSPE2P25-3-166_1_a964816d-c47f-481b-843b-85b1e60bce82.jpg?v=1755594636,"Best Seller Women, Black & White 26, Calico Pret, cut piece, Eastern, Embroidered, Essentials, GFSU6162-Black-Simplifiedsizechart, New In, Pret, Pret Co-ords, SHIRT & TROUSER, show-quickview, showpret, Uploaded-19-Aug-25, WINTER SALE 25, Woman, WOMEN, WOMEN-RTW, WOMEN-RTW-BASICS"
Alkaram Studio,RTW | CULOTTES,1260.00,2290.00,False,https://www.alkaramstudio.com/products/rtw-culottes-bj224-10-25-b-beige,https://cdn.shopify.com/s/files/1/0623/6481/1444/files/BJ224-10-25-A_1_8be042e2-d29c-422d-a2bb-725b0d788513.jpg?v=1769166692,"BASICS, BJ224-10-25-B-Beige-Simplifiedsizechart, Bottoms, cut piece, New In, New in Last Chance, Ready to Wear, Shop By Product, Trouser, Trousers, uploade-04-April-26, Woman, Women, Women RTW, Women-Rtw-Basic, WOMEN-RTW-BASICS"
Alkaram Studio,RTW | SHIRT,3595.00,7190.00,False,https://www.alkaramstudio.com/products/stitched-dobby-kurta-gfku7351-black,https://cdn.shopify.com/s/files/1/0623/6481/1444/files/FDE3P25-2-131_1_88327337-daf3-4449-8b11-102c93232d55.jpg?v=1748870011,"25% off july 25, Basics, Black & White 26, Calico Pret, Eastern, Embroidered, New In, Pret, Shirt, show-quickview, showpret, Uploaded-02-June-25, Woman, Women RTW, WOMEN-RTW-BASICS"
Alkaram Studio,"RTS | SHIRT, TROUSER & DUPATTA",4290.00,0.00,True,https://www.alkaramstudio.com/products/rts-shirt-trouser-dupatta-ec555-3p26a-blue,https://cdn.shopify.com/s/files/1/0623/6481/1444/files/EC555-3P26A-Blue-1.jpg?v=1790065797,"ESSENTIALS, New In, New-30, Ready to Stitch, Shirt- Trouser & Dupatta, Shop by Product, uploaded-24-Sept-26, winter-26, Woman, Women, WOMEN RTS, WOMEN-RTS-ESSENTIALS"
Alkaram Studio,RTW | SHIRT & CULOTTE,3625.00,6590.00,False,https://www.alkaramstudio.com/products/rtw-shirt-culotte-ede338-11-2p25-beige,https://cdn.shopify.com/s/files/1/0623/6481/1444/files/DSC04374.jpg?v=1784122948,"EDE338-11-2P25-Beige-Simplifiedsizechart, Essentials, New In, New-30 uploade-17-April-26, Ready to Wear, Shirt, Shop by Product, Trouser, Woman, Women, Women RTW, WOMEN-RTW-ESSENTIALS"
Alkaram Studio,"RTS | SHIRT, TROUSER & SHAWL",7590.00,0.00,True,https://www.alkaramstudio.com/products/rts-shirt-trouser-shawl-ef426-3p26-blue,https://cdn.shopify.com/s/files/1/0623/6481/1444/files/EF426-3P26-Blue-1.jpg?v=1790749907,"Essentials, New In, New-30, Ready to Stitch, Shirt- Trouser & Dupatta, Shop by Product, uploaded-25-Sept-26, winter-26, Woman, Women, WOMEN RTS, WOMEN-RTS-ESSENTIALS"
Alkaram Studio,"RTS | SHIRT, TROUSER & DUPATTA",3990.00,0.00,True,https://www.alkaramstudio.com/products/rts-shirt-trouser-dupatta-ec564-3p26b-mustard,https://cdn.shopify.com/s/files/1/0623/6481/1444/files/EC564-3P26B-Mustard-1.jpg?v=1790065799,"ESSENTIALS, New In, New-30, Ready to Stitch, Shirt- Trouser & Dupatta, Shop by Product, uploaded-24-Sept-26, winter-26, Woman, Women, WOMEN RTS, WOMEN-RTS-ESSENTIALS"
Alkaram Studio,"RTS | SHIRT, TROUSER & DUPATTA",5590.00,0.00,True,https://www.alkaramstudio.com/products/rts-shirt-trouser-dupatta-ec562-3p26b-mint-green,https://cdn.shopify.com/s/files/1/0623/6481/1444/files/EC562-3P26B-MintGreen-1.jpg?v=1790245384,"ESSENTIALS, New In, New-30, Ready to Stitch, Shirt- Trouser & Dupatta, Shop by Product, uploaded-24-Sept-26, winter-26, Woman, Women, WOMEN RTS, WOMEN-RTS-ESSENTIALS"
Alkaram Studio,RTW | SHIRT & CULOTTE,2995.00,5990.00,False,https://www.alkaramstudio.com/products/rtw-shirt-culotte-capde2p25-7-485-peach,https://cdn.shopify.com/s/files/1/0623/6481/1444/files/CAPDE2P25-7-485_1_6f311a10-0143-47fe-a114-514eefbdd693.jpg?v=1758617468,"A132405618-Peach-Simplifiedsizechart, Best Seller Women, cut piece, Essentials, hide-label, Pret, Pret Co-ords, Ready to Wear, Shirt & Trouser, SHOP BY OCCASSION, Shop by Product, Uploaded-23-Sept-25, WINTER SALE 25, Woman, Women, Women RTW, WOMEN-RTW-ESSENTIALS, WORKWEAR"
Alkaram Studio,RTW | SHIRT,1810.00,3290.00,False,https://www.alkaramstudio.com/products/rtw-shirt-cape25-7-472-a-green,https://cdn.shopify.com/s/files/1/0623/6481/1444/files/CAPE25-7-472-A_2.jpg?v=1760298375,"BASICS, Best Seller Women, CAPE25-7-472-A-Green-Simplifiedsizechart, Carousel RTW, cut piece, hide-label, New in Last Chance, Ready To Wear, Shirt, Shop By Product, Uploaded-12-OCt-25, WINTER SALE 25, Woman, Women, Women RTW, WOMEN-RTW-BASICS"
Alkaram Studio,RTW | KURTA & SHALWAR,3294.00,5490.00,True,https://www.alkaramstudio.com/products/rtw-kurta-shalwar-mks-bas26-004-white,https://cdn.shopify.com/s/files/1/0623/6481/1444/files/884A9557copy.jpg?v=1771254150,"Basics, Kurta & Shalwar, Man, Man Eid Edit, Men, MEN-RTW, MKS-BAS26-004-White-Simplifiedsizechart, New In, Ready to Wear, Shop by Product, Summer-26, Surf White, uploaded-16-FEB-26"
Alkaram Studio,"RTS | SHIRT, TROUSER & DUPATTA",8990.00,0.00,True,https://www.alkaramstudio.com/products/rts-shirt-trouser-dupatta-vc-07b-25-magenta,https://cdn.shopify.com/s/files/1/0623/6481/1444/files/VC-07B-24-MAGENTA-1_cecfec43-8861-4b28-be29-e5f3ef8bf087.jpg?v=1732265546,"3 Piece Fabrics, 45% off july 25, Capsule, Embroidered, FESTIVE  Winter 25, Flat 40% Nov, Luxury, New In, Shirt Trouser & Dupatta, show-quickview, Unstitched, uploaded-22-Nov-24, Velvet, winter-26, Woman, Women-RTS"
Alkaram Studio,"RTS | SHIRT, TROUSER & DUPATTA",8990.00,0.00,True,https://www.alkaramstudio.com/products/rts-hirt-trouser-dupatta-f3-30j-25-navy-blue,https://cdn.shopify.com/s/files/1/0623/6481/1444/files/F3-30J-24-NAVY_BLUE-1_ec382184-5f9b-47ff-953c-33546dbce470.jpg?v=1728470877,"3 Piece Fabrics, 45% off july 25, Capsule, Embroidered, Festive, FESTIVE  Winter 25, Flat 40% Nov, Ghost discount, Luxury, New In, Shirt Trouser & Dupatta, show-quickview, Unstitched, uploaded-10-Oct-24, Winter 2024, winter-26, Woman, Women-RTS"
Alkaram Studio,"RTS | SHIRT, TROUSER & DUPATTA",4990.00,0.00,True,https://www.alkaramstudio.com/products/rts-shirt-trouser-dupatta-ef467-3p26-green,https://cdn.shopify.com/s/files/1/0623/6481/1444/files/EF467-3P26-Green-1.jpg?v=1790668687,"ESSENTIALS, New In, New-30, Ready to Stitch, Shirt- Trouser & Dupatta, Shop by Product, uploaded-24-Sept-26, winter-26, Woman, Women, WOMEN RTS, WOMEN-RTS-ESSENTIALS"
Alkaram Studio,"RTS | SHIRT, TROUSER & DUPATTA",4990.00,0.00,True,https://www.alkaramstudio.com/products/rts-shirt-trouser-dupatta-ef454-3p26-black,https://cdn.shopify.com/s/files/1/0623/6481/1444/files/EF454-3P26-Black-1.jpg?v=1790668626,"ESSENTIALS, New In, New-30, Ready to Stitch, Shirt- Trouser & Dupatta, Shop by Product, uploaded-24-Sept-26, winter-26, Woman, Women, WOMEN RTS, WOMEN-RTS-ESSENTIALS"
Alkaram Studio,"RTS | SHIRT, TROUSER & DUPATTA",7290.00,0.00,True,https://www.alkaramstudio.com/products/rts-shirt-trouser-dupatta-caj-22-green,https://cdn.shopify.com/s/files/1/0623/6481/1444/files/CAJ-22-Green-3.jpg?v=1789727242,"Capsule, Jacquard, New In, New-30, Ready to Stitch, Shirt- Trouser & Dupatta, Shop by Product, uploaded-18-Sept-26, winter-26, Woman, Women, WOMEN RTS, WOMEN-RTS-CAPSULE"
Alkaram Studio,"RTS | SHIRT, TROUSER & DUPATTA",7290.00,0.00,True,https://www.alkaramstudio.com/products/rts-shirt-trouser-dupatta-caj-21-peach,https://cdn.shopify.com/s/files/1/0623/6481/1444/files/CAJ-21-Peach-2.jpg?v=1789727241,"Capsule, Jacquard, New In, New-30, Ready to Stitch, Shirt- Trouser & Dupatta, Shop by Product, uploaded-18-Sept-26, winter-26, Woman, Women, WOMEN RTS, WOMEN-RTS-CAPSULE"
Alkaram Studio,"RTS | SHIRT, TROUSER & DUPATTA",7290.00,0.00,True,https://www.alkaramstudio.com/products/rts-shirt-trouser-dupatta-caj-19-white,https://cdn.shopify.com/s/files/1/0623/6481/1444/files/CAJ-19-White-1.jpg?v=1789727240,"Capsule, Jacquard, New In, New-30, Ready to Stitch, Shirt- Trouser & Dupatta, Shop by Product, uploaded-18-Sept-26, winter-26, Woman, Women, WOMEN RTS, WOMEN-RTS-CAPSULE"
Alkaram Studio,"RTS | SHIRT, TROUSER & DUPATTA",7290.00,0.00,True,https://www.alkaramstudio.com/products/rts-shirt-trouser-dupatta-caj-18-blue,https://cdn.shopify.com/s/files/1/0623/6481/1444/files/CAJ-18-Blue-1.jpg?v=1789727242,"Capsule, Jacquard, New In, New-30, Ready to Stitch, Shirt- Trouser & Dupatta, Shop by Product, uploaded-18-Sept-26, winter-26, Woman, Women, WOMEN RTS, WOMEN-RTS-CAPSULE"
Alkaram Studio,"RTS | SHIRT, TROUSER & DUPATTA",6690.00,0.00,True,https://www.alkaramstudio.com/products/rts-shirt-trouser-dupatta-caj-17-sage,https://cdn.shopify.com/s/files/1/0623/6481/1444/files/CAJ-17-Sage-1.jpg?v=1789727242,"Capsule, Jacquard, New In, New-30, Ready to Stitch, Shirt- Trouser & Dupatta, Shop by Product, uploaded-18-Sept-26, winter-26, Woman, Women, WOMEN RTS, WOMEN-RTS-CAPSULE"
Alkaram Studio,"RTS | SHIRT, TROUSER & DUPATTA",7990.00,0.00,True,https://www.alkaramstudio.com/products/rts-shirt-trouser-dupatta-caj-16-grey,https://cdn.shopify.com/s/files/1/0623/6481/1444/files/CAJ-16-Grey-1.jpg?v=1789727243,"Capsule, Jacquard, New In, New-30, Ready to Stitch, Shirt- Trouser & Dupatta, Shop by Product, uploaded-18-Sept-26, winter-26, Woman, Women, WOMEN RTS, WOMEN-RTS-CAPSULE"
Alkaram Studio,"RTS | SHIRT, TROUSER & DUPATTA",6690.00,0.00,True,https://www.alkaramstudio.com/products/rts-shirt-trouser-dupatta-caj-15-dark-blue,https://cdn.shopify.com/s/files/1/0623/6481/1444/files/CAJ-15-Dark_Blue-1.jpg?v=1789727243,"Capsule, Jacquard, New In, New-30, Ready to Stitch, Shirt- Trouser & Dupatta, Shop by Product, uploaded-18-Sept-26, winter-26, Woman, Women, WOMEN RTS, WOMEN-RTS-CAPSULE"
Alkaram Studio,"RTS | SHIRT, TROUSER & DUPATTA",6690.00,0.00,True,https://www.alkaramstudio.com/products/rts-shirt-trouser-dupatta-caj-14-coral,https://cdn.shopify.com/s/files/1/0623/6481/1444/files/CAJ-14-Coral-1.jpg?v=1789727242,"Capsule, Jacquard, New In, New-30, Ready to Stitch, Shirt- Trouser & Dupatta, Shop by Product, uploaded-18-Sept-26, winter-26, Woman, Women, WOMEN RTS, WOMEN-RTS-CAPSULE"
Alkaram Studio,"RTS | SHIRT, TROUSER & DUPATTA",7990.00,0.00,True,https://www.alkaramstudio.com/products/rts-shirt-trouser-dupatta-caj-13-beige,https://cdn.shopify.com/s/files/1/0623/6481/1444/files/CAJ-13-Beige-1.jpg?v=1789727241,"Capsule, Jacquard, New In, New-30, Ready to Stitch, Shirt- Trouser & Dupatta, Shop by Product, uploaded-18-Sept-26, winter-26, Woman, Women, WOMEN RTS, WOMEN-RTS-CAPSULE"
Alkaram Studio,"RTS | SHIRT, TROUSER & DUPATTA",6990.00,0.00,True,https://www.alkaramstudio.com/products/rts-shirt-trouser-dupatta-caje10-3p26-peach,https://cdn.shopify.com/s/files/1/0623/6481/1444/files/CAJE10-3P26-Peach-2.jpg?v=1789727241,"Capsule, Jacquard, New In, New-30, Ready to Stitch, Shirt- Trouser & Dupatta, Shop by Product, uploaded-18-Sept-26, winter-26, Woman, Women, WOMEN RTS, WOMEN-RTS-CAPSULE"
Alkaram Studio,"RTS | SHIRT, TROUSER & DUPATTA",6990.00,0.00,True,https://www.alkaramstudio.com/products/rts-shirt-trouser-dupatta-caje09-3p26-black,https://cdn.shopify.com/s/files/1/0623/6481/1444/files/CAJE09-3P26-Black-1.jpg?v=1789727240,"Capsule, Jacquard, New In, New-30, Ready to Stitch, Shirt- Trouser & Dupatta, Shop by Product, uploaded-18-Sept-26, winter-26, Woman, Women, WOMEN RTS, WOMEN-RTS-CAPSULE"
Alkaram Studio,"RTS | SHIRT, TROUSER & DUPATTA",7990.00,0.00,True,https://www.alkaramstudio.com/products/rts-shirt-trouser-dupatta-caje08-3p26-lilac,https://cdn.shopify.com/s/files/1/0623/6481/1444/files/CAJE08-3P26-Lilac-1.jpg?v=1789727241,"Capsule, Jacquard, New In, New-30, Ready to Stitch, Shirt- Trouser & Dupatta, Shop by Product, uploaded-18-Sept-26, winter-26, Woman, Women, WOMEN RTS, WOMEN-RTS-CAPSULE"
Alkaram Studio,"RTS | SHIRT, TROUSER & DUPATTA",8490.00,0.00,True,https://www.alkaramstudio.com/products/rts-shirt-trouser-dupatta-caje07-3p26-aqua-green,https://cdn.shopify.com/s/files/1/0623/6481/1444/files/CAJE07-3P26-Aqua_Green-1.jpg?v=1789727242,"Capsule, Jacquard, New In, New-30, Ready to Stitch, Shirt- Trouser & Dupatta, Shop by Product, uploaded-18-Sept-26, winter-26, Woman, Women, WOMEN RTS, WOMEN-RTS-CAPSULE"
Alkaram Studio,"RTS | SHIRT, TROUSER & DUPATTA",7490.00,0.00,True,https://www.alkaramstudio.com/products/rts-shirt-trouser-dupatta-caje06-3p26-ice-blue,https://cdn.shopify.com/s/files/1/0623/6481/1444/files/CAJE06-3P26-Ice_Blue-1.jpg?v=1789727242,"Capsule, Jacquard, New In, New-30, Ready to Stitch, Shirt- Trouser & Dupatta, Shop by Product, uploaded-18-Sept-26, winter-26, Woman, Women, WOMEN RTS, WOMEN-RTS-CAPSULE"
Alkaram Studio,"RTS | SHIRT, TROUSER & DUPATTA",7490.00,0.00,True,https://www.alkaramstudio.com/products/rts-shirt-trouser-dupatta-caje05-3p26-cerulean,https://cdn.shopify.com/s/files/1/0623/6481/1444/files/CAJE05-3P26-Cerulean-1.jpg?v=1789727242,"Capsule, Jacquard, New In, New-30, Ready to Stitch, Shirt- Trouser & Dupatta, Shop by Product, uploaded-18-Sept-26, winter-26, Woman, Women, WOMEN RTS, WOMEN-RTS-CAPSULE"
Alkaram Studio,"RTS | SHIRT, TROUSER & DUPATTA",6990.00,0.00,True,https://www.alkaramstudio.com/products/rts-shirt-trouser-dupatta-caje04-3p26-pale-sage,https://cdn.shopify.com/s/files/1/0623/6481/1444/files/CAJE04-3P26-Pale_Sage-1.jpg?v=1789727240,"Capsule, Jacquard, New In, New-30, Ready to Stitch, Shirt- Trouser & Dupatta, Shop by Product, uploaded-18-Sept-26, winter-26, Woman, Women, WOMEN RTS, WOMEN-RTS-CAPSULE"
Alkaram Studio,"RTS | SHIRT, TROUSER & DUPATTA",8490.00,0.00,True,https://www.alkaramstudio.com/products/rts-shirt-trouser-dupatta-caje03-3p26-yellow,https://cdn.shopify.com/s/files/1/0623/6481/1444/files/CAJE03-3P26-Yellow-1.jpg?v=1789727241,"Capsule, Jacquard, New In, New-30, Ready to Stitch, Shirt- Trouser & Dupatta, Shop by Product, uploaded-18-Sept-26, winter-26, Woman, Women, WOMEN RTS, WOMEN-RTS-CAPSULE"
Alkaram Studio,"RTS | SHIRT, TROUSER & DUPATTA",7990.00,0.00,True,https://www.alkaramstudio.com/products/rts-shirt-trouser-dupatta-caje01-3p26-mint,https://cdn.shopify.com/s/files/1/0623/6481/1444/files/CAJE01-3P26-Mint-1.jpg?v=1789727243,"Capsule, Jacquard, New In, New-30, Ready to Stitch, Shirt- Trouser & Dupatta, Shop by Product, uploaded-18-Sept-26, winter-26, Woman, Women, WOMEN RTS, WOMEN-RTS-CAPSULE"
Alkaram Studio,"RTS | SHIRT, TROUSER & DUPATTA",4990.00,0.00,True,https://www.alkaramstudio.com/products/rts-shirt-trouser-dupatta-ef455-3p26-peach,https://cdn.shopify.com/s/files/1/0623/6481/1444/files/EF455-3P26-Peach-1.jpg?v=1790668325,"ESSENTIALS, New In, New-30, Ready to Stitch, Shirt- Trouser & Dupatta, Shop by Product, uploaded-24-Sept-26, winter-26, Woman, Women, WOMEN RTS, WOMEN-RTS-ESSENTIALS"
Alkaram Studio,"RTS | SHIRT, TROUSER & DUPATTA",4990.00,0.00,True,https://www.alkaramstudio.com/products/rts-shirt-trouser-dupatta-ef494-3p26a-beige,https://cdn.shopify.com/s/files/1/0623/6481/1444/files/EF494-3P26A-Beige-2.jpg?v=1790667979,"ESSENTIALS, New In, New-30, Ready to Stitch, Shirt- Trouser & Dupatta, Shop by Product, uploaded-24-Sept-26, winter-26, Woman, Women, WOMEN RTS, WOMEN-RTS-ESSENTIALS"
Alkaram Studio,"RTS | SHIRT, TROUSER & DUPATTA",4990.00,0.00,True,https://www.alkaramstudio.com/products/rts-shirt-trouser-dupatta-ec569-3p26b-orange,https://cdn.shopify.com/s/files/1/0623/6481/1444/files/EC569-3P26B-Orange-1.jpg?v=1790667936,"ESSENTIALS, New In, New-30, Ready to Stitch, Shirt- Trouser & Dupatta, Shop by Product, uploaded-24-Sept-26, winter-26, Woman, Women, WOMEN RTS, WOMEN-RTS-ESSENTIALS"
Alkaram Studio,"RTS | SHIRT, TROUSER & DUPATTA",4990.00,0.00,True,https://www.alkaramstudio.com/products/rts-shirt-trouser-dupatta-ec569-3p26a-purple,https://cdn.shopify.com/s/files/1/0623/6481/1444/files/EC569-3P26A-Purple-1.jpg?v=1790667892,"ESSENTIALS, New In, New-30, Ready to Stitch, Shirt- Trouser & Dupatta, Shop by Product, uploaded-24-Sept-26, winter-26, Woman, Women, WOMEN RTS, WOMEN-RTS-ESSENTIALS"
Alkaram Studio,"RTS | SHIRT, TROUSER & DUPATTA",4990.00,0.00,True,https://www.alkaramstudio.com/products/rts-shirt-trouser-dupatta-ec538-3p26b-mustard,https://cdn.shopify.com/s/files/1/0623/6481/1444/files/EC538-3P26b-Mustard-1.jpg?v=1790667854,"ESSENTIALS, New In, New-30, Ready to Stitch, Shirt- Trouser & Dupatta, Shop by Product, uploaded-24-Sept-26, winter-26, Woman, Women, WOMEN RTS, WOMEN-RTS-ESSENTIALS"
Alkaram Studio,"RTS | SHIRT, TROUSER & DUPATTA",7490.00,0.00,True,https://www.alkaramstudio.com/products/rts-shirt-trouser-dupatta-ec529-3p26-maroon,https://cdn.shopify.com/s/files/1/0623/6481/1444/files/EC529-3P26-Maroon-1.jpg?v=1790667750,"ESSENTIALS, New In, New-30, Ready to Stitch, Shirt- Trouser & Dupatta, Shop by Product, uploaded-24-Sept-26, winter-26, Woman, Women, WOMEN RTS, WOMEN-RTS-ESSENTIALS"
Alkaram Studio,"RTS | SHIRT, TROUSER & DUPATTA",7490.00,0.00,True,https://www.alkaramstudio.com/products/rts-shirt-trouser-dupatta-ec527-3p26-mint-green,https://cdn.shopify.com/s/files/1/0623/6481/1444/files/EC527-3P26-MintGreen-1.jpg?v=1790667666,"ESSENTIALS, New In, New-30, Ready to Stitch, Shirt- Trouser & Dupatta, Shop by Product, uploaded-24-Sept-26, winter-26, Woman, Women, WOMEN RTS, WOMEN-RTS-ESSENTIALS"
Alkaram Studio,"RTS | SHIRT, TROUSER & DUPATTA",7490.00,0.00,True,https://www.alkaramstudio.com/products/rts-shirt-trouser-dupatta-ef481-3p26-a-light-brown,https://cdn.shopify.com/s/files/1/0623/6481/1444/files/EF481-3P26A-LightBrown-1.jpg?v=1790667628,"ESSENTIALS, New In, New-30, Ready to Stitch, Shirt- Trouser & Dupatta, Shop by Product, uploaded-24-Sept-26, winter-26, Woman, Women, WOMEN RTS, WOMEN-RTS-ESSENTIALS"
Alkaram Studio,"RTS | SHIRT, TROUSER & DUPATTA",4990.00,0.00,True,https://www.alkaramstudio.com/products/rts-shirt-trouser-dupatta-ef476-3p26a-sage-green,https://cdn.shopify.com/s/files/1/0623/6481/1444/files/EF476-3P26-A-SageGreen-1.jpg?v=1790667566,"ESSENTIALS, New In, New-30, Ready to Stitch, Shirt- Trouser & Dupatta, Shop by Product, uploaded-24-Sept-26, winter-26, Woman, Women, WOMEN RTS, WOMEN-RTS-ESSENTIALS"
Alkaram Studio,"RTS | SHIRT, TROUSER & DUPATTA",4990.00,0.00,True,https://www.alkaramstudio.com/products/rts-shirt-trouser-dupatta-ef471-3p26b-sage-green,https://cdn.shopify.com/s/files/1/0623/6481/1444/files/EF471-3P26-B-SageGreen-1.jpg?v=1790667489,"ESSENTIALS, New In, New-30, Ready to Stitch, Shirt- Trouser & Dupatta, Shop by Product, uploaded-24-Sept-26, winter-26, Woman, Women, WOMEN RTS, WOMEN-RTS-ESSENTIALS"
Alkaram Studio,"RTS | SHIRT, TROUSER & DUPATTA",4990.00,0.00,True,https://www.alkaramstudio.com/products/rts-shirt-trouser-dupatta-ef471-3p26a-beige,https://cdn.shopify.com/s/files/1/0623/6481/1444/files/EF471-3P26-A-Beige-1.jpg?v=1790667433,"ESSENTIALS, New In, New-30, Ready to Stitch, Shirt- Trouser & Dupatta, Shop by Product, uploaded-24-Sept-26, winter-26, Woman, Women, WOMEN RTS, WOMEN-RTS-ESSENTIALS"
Alkaram Studio,RTS | SHIRT & TROUSER,2890.00,0.00,True,https://www.alkaramstudio.com/products/rts-shirt-trouser-ec579-2p26-lilac,https://cdn.shopify.com/s/files/1/0623/6481/1444/files/EC579-2P26-Lilac-1.jpg?v=1790065841,"ESSENTIALS, New In, New-30, Ready to Stitch, Shirt & Trouser, Shop by Product, uploaded-24-Sept-26, winter-26, Woman, Women, WOMEN RTS, WOMEN-RTS-ESSENTIALS"
Alkaram Studio,RTS | SHIRT & TROUSER,2890.00,0.00,True,https://www.alkaramstudio.com/products/rts-shirt-trouser-bd248-2p26-blue,https://cdn.shopify.com/s/files/1/0623/6481/1444/files/BD248-2P26-Blue-1.jpg?v=1790065768,"BASICS, New In, New-30, Ready to Stitch, Shirt & Trouser, Shop by Product, uploaded-22-Sept-26, winter-26, Woman, Women, WOMEN RTS, WOMEN-RTS-BASICS"
Alkaram Studio,"RTS | SHIRT, TROUSER & DUPATTA",6990.00,,True,https://www.alkaramstudio.com/products/rts-shirt-trouser-dupatta-fw-85-1-26-1-pink,https://cdn.shopify.com/s/files/1/0623/6481/1444/files/FW-85.1-25-1-Pink-1.jpg?v=1760350907,"Best Seller Women, ESSENTIALS, Last Chance Women, Ready to Stitch, Shirt- Trouser & Dupatta, Shop by Product, uploaded-02-Oct-25, Winter, Winter 25, Winter Essentials, Winter-25 Vol-1, winter-26, Woman, Women, Women RTS, WOMEN-RTS-ESSENTIALS"
Alkaram Studio,"RTS | SHIRT, TROUSER & DUPATTA",3990.00,0.00,True,https://www.alkaramstudio.com/products/rts-shirt-trouser-dupatta-ec560-3p26b-brown,https://cdn.shopify.com/s/files/1/0623/6481/1444/files/EC560-3P26B-Brown-1.jpg?v=1790065797,"ESSENTIALS, New In, New-30, Ready to Stitch, Shirt- Trouser & Dupatta, Shop by Product, uploaded-24-Sept-26, winter-26, Woman, Women, WOMEN RTS, WOMEN-RTS-ESSENTIALS"
Alkaram Studio,RTS | SHIRT,5990.00,0.00,True,https://www.alkaramstudio.com/products/rts-shirt-cask-06-3p26-lavender,https://cdn.shopify.com/s/files/1/0623/6481/1444/files/CASK-06-3P26-Lavender-2.jpg?v=1790333955,"Capsule, New In, New-30, Ready to Stitch, Shop Category, Silk, uploaded-25-Sept-26, winter-26, Woman, Women, WOMEN RTS, WOMEN-RTS-CAPSULE"
Alkaram Studio,"RTS | SHIRT, TROUSER & DUPATTA",3990.00,0.00,True,https://www.alkaramstudio.com/products/rts-shirt-trouser-dupatta-ec572-3p26a-green,https://cdn.shopify.com/s/files/1/0623/6481/1444/files/EC572-3P26A-Green-1.jpg?v=1790065841,"ESSENTIALS, New In, New-30, Ready to Stitch, Shirt- Trouser & Dupatta, Shop by Product, uploaded-24-Sept-26, winter-26, Woman, Women, WOMEN RTS, WOMEN-RTS-ESSENTIALS"
Alkaram Studio,RTS | SHIRT & DUPATTA,2890.00,0.00,True,https://www.alkaramstudio.com/products/rts-shirt-dupatta-bd348-2p26-peach,https://cdn.shopify.com/s/files/1/0623/6481/1444/files/BD348-2P26-Peach-1.jpg?v=1790065768,"BASICS, New In, New-30, Ready to Stitch, Shirt & Dupatta, Shop by Product, uploaded-22-Sept-26, winter-26, Woman, Women, WOMEN RTS, WOMEN-RTS-BASICS"
Alkaram Studio,"RTS | SHIRT, TROUSER & DUPATTA",5290.00,,True,https://www.alkaramstudio.com/products/rts-shirt-trouser-dupatta-fw-88-1-26-1-purple,https://cdn.shopify.com/s/files/1/0623/6481/1444/files/FW-88.1-25-1-Purple-1.jpg?v=1760350975,"Best Seller Women, ESSENTIALS, Last Chance Women, Ready to Stitch, Shirt- Trouser & Dupatta, Shop by Product, uploaded-02-Oct-25, Winter, Winter 25, Winter Essentials, Winter-25 Vol-1, winter-26, Woman, Women, Women RTS, WOMEN-RTS-ESSENTIALS"
Alkaram Studio,RTS | KAFTAN,6290.00,0.00,True,https://www.alkaramstudio.com/products/rts-kaftan-cask-15-3p26-midnight-blue,https://cdn.shopify.com/s/files/1/0623/6481/1444/files/CASK-15-3P26-Midnight_Blue-4.jpg?v=1790333954,"Capsule, New In, New-30, Ready to Stitch, Shop Category, Silk, uploaded-25-Sept-26, winter-26, Woman, Women, WOMEN RTS, WOMEN-RTS-CAPSULE"
Alkaram Studio,RTS | SHIRT,7490.00,0.00,True,https://www.alkaramstudio.com/products/rts-shirt-cask-14-3p26-beige-gold,https://cdn.shopify.com/s/files/1/0623/6481/1444/files/CASK-14-3P26-Beige_Gold-1.jpg?v=1790333954,"Capsule, New In, New-30, Ready to Stitch, Shop Category, Silk, uploaded-25-Sept-26, winter-26, Woman, Women, WOMEN RTS, WOMEN-RTS-CAPSULE"
Alkaram Studio,RTS | SHIRT,7490.00,0.00,True,https://www.alkaramstudio.com/products/rts-shirt-cask-12-3p26-pale-blue,https://cdn.shopify.com/s/files/1/0623/6481/1444/files/CASK-12-3P26-Pale_Blue-3.jpg?v=1790333955,"Capsule, New In, New-30, Ready to Stitch, Shop Category, Silk, uploaded-25-Sept-26, winter-26, Woman, Women, WOMEN RTS, WOMEN-RTS-CAPSULE"
Alkaram Studio,RTS | SHIRT,5990.00,0.00,True,https://www.alkaramstudio.com/products/rts-shirt-cask-11-3p26-sand,https://cdn.shopify.com/s/files/1/0623/6481/1444/files/CASK-11-3P26-Sand-2.jpg?v=1790333956,"Capsule, New In, New-30, Ready to Stitch, Shop Category, Silk, uploaded-25-Sept-26, winter-26, Woman, Women, WOMEN RTS, WOMEN-RTS-CAPSULE"
Alkaram Studio,RTS | KAFTAN,6290.00,0.00,True,https://www.alkaramstudio.com/products/rts-kaftan-cask-08-3p26-black,https://cdn.shopify.com/s/files/1/0623/6481/1444/files/CASK-08-3P26-Black-1.jpg?v=1790333955,"Capsule, New In, New-30, Ready to Stitch, Shop Category, Silk, uploaded-25-Sept-26, winter-26, Woman, Women, WOMEN RTS, WOMEN-RTS-CAPSULE"
Alkaram Studio,RTS | KAFTAN,6290.00,0.00,True,https://www.alkaramstudio.com/products/rts-kaftan-cask-07-3p26-sage-blue,https://cdn.shopify.com/s/files/1/0623/6481/1444/files/CASK-07-3P26-Sage_Blue-1.jpg?v=1790333956,"Capsule, New In, New-30, Ready to Stitch, Shop Category, Silk, uploaded-25-Sept-26, winter-26, Woman, Women, WOMEN RTS, WOMEN-RTS-CAPSULE"
Alkaram Studio,RTS | KAFTAN,6290.00,0.00,True,https://www.alkaramstudio.com/products/rts-kaftan-cask-04-3p26-beige,https://cdn.shopify.com/s/files/1/0623/6481/1444/files/CASK-04-3P26-Beige-3.jpg?v=1790333955,"Capsule, New In, New-30, Ready to Stitch, Shop Category, Silk, uploaded-25-Sept-26, winter-26, Woman, Women, WOMEN RTS, WOMEN-RTS-CAPSULE"
Alkaram Studio,RTS | KAFTAN,7890.00,0.00,True,https://www.alkaramstudio.com/products/rts-kaftan-cask-02-3p26-mauve,https://cdn.shopify.com/s/files/1/0623/6481/1444/files/CASK-02-3P26-Mauve-1.jpg?v=1790333955,"Capsule, New In, New-30, Ready to Stitch, Shop Category, Silk, uploaded-25-Sept-26, winter-26, Woman, Women, WOMEN RTS, WOMEN-RTS-CAPSULE"
Alkaram Studio,RTS | SHIRT,7490.00,0.00,True,https://www.alkaramstudio.com/products/rts-shirt-cask-01-3p26-peach,https://cdn.shopify.com/s/files/1/0623/6481/1444/files/CASK-01-3P26-Peach-1.jpg?v=1790333955,"Capsule, New In, New-30, Ready to Stitch, Shop Category, Silk, uploaded-25-Sept-26, winter-26, Woman, Women, WOMEN RTS, WOMEN-RTS-CAPSULE"
Alkaram Studio,"RTS | SHIRT, TROUSER & DUPATTA",4290.00,0.00,True,https://www.alkaramstudio.com/products/rts-shirt-trouser-dupatta-ec552-3p26b-light-blue,https://cdn.shopify.com/s/files/1/0623/6481/1444/files/EC552-3P26B-Light_Blue-1.jpg?v=1790065797,"ESSENTIALS, New In, New-30, Ready to Stitch, Shirt- Trouser & Dupatta, Shop by Product, uploaded-24-Sept-26, winter-26, Woman, Women, WOMEN RTS, WOMEN-RTS-ESSENTIALS"
Alkaram Studio,"RTS | SHIRT, TROUSER & DUPATTA",4290.00,0.00,True,https://www.alkaramstudio.com/products/rts-shirt-trouser-dupatta-ec552-3p26a-pink,https://cdn.shopify.com/s/files/1/0623/6481/1444/files/EC552-3P26A-Pink-1.jpg?v=1790065797,"ESSENTIALS, New In, New-30, Ready to Stitch, Shirt- Trouser & Dupatta, Shop by Product, uploaded-24-Sept-26, winter-26, Woman, Women, WOMEN RTS, WOMEN-RTS-ESSENTIALS"
Alkaram Studio,"RTS | SHIRT, TROUSER & DUPATTA",3990.00,0.00,True,https://www.alkaramstudio.com/products/rts-shirt-trouser-dupatta-ef489-3p26-green,https://cdn.shopify.com/s/files/1/0623/6481/1444/files/EF489-3P26-Green-1.jpg?v=1790065842,"ESSENTIALS, New In, New-30, Ready to Stitch, Shirt- Trouser & Dupatta, Shop by Product, uploaded-24-Sept-26, winter-26, Woman, Women, WOMEN RTS, WOMEN-RTS-ESSENTIALS"
Alkaram Studio,"RTS | SHIRT, TROUSER & DUPATTA",7290.00,0.00,True,https://www.alkaramstudio.com/products/rts-shirt-trouser-dupatta-ec559-3p26b-blue,https://cdn.shopify.com/s/files/1/0623/6481/1444/files/EC559-3P26B-Blue-1.jpg?v=1790065797,"ESSENTIALS, New In, New-30, Ready to Stitch, Shirt- Trouser & Dupatta, Shop by Product, uploaded-24-Sept-26, winter-26, Woman, Women, WOMEN RTS, WOMEN-RTS-ESSENTIALS"
Alkaram Studio,"RTS | SHIRT, TROUSER & DUPATTA",4290.00,0.00,True,https://www.alkaramstudio.com/products/rts-shirt-trouser-dupatta-ec554-3p26a-pink,https://cdn.shopify.com/s/files/1/0623/6481/1444/files/EC554-3P26A-Pink-1.jpg?v=1790245349,"ESSENTIALS, New In, New-30, Ready to Stitch, Shirt- Trouser & Dupatta, Shop by Product, uploaded-24-Sept-26, winter-26, Woman, Women, WOMEN RTS, WOMEN-RTS-ESSENTIALS"
Alkaram Studio,"RTS | SHIRT, TROUSER & DUPATTA",3990.00,0.00,True,https://www.alkaramstudio.com/products/rts-shirt-trouser-dupatta-ec540-3p26b-peach,https://cdn.shopify.com/s/files/1/0623/6481/1444/files/EC540-3P26B-Peach-1.jpg?v=1790245144,"ESSENTIALS, New In, New-30, Ready to Stitch, Shirt- Trouser & Dupatta, Shop by Product, uploaded-24-Sept-26, winter-26, Woman, Women, WOMEN RTS, WOMEN-RTS-ESSENTIALS"
Alkaram Studio,RTS | SHIRT & TROUSER,2890.00,0.00,True,https://www.alkaramstudio.com/products/rts-shirt-trouser-bd338-2p26-beige,https://cdn.shopify.com/s/files/1/0623/6481/1444/files/BD338-2P26-Beige-1.jpg?v=1790065765,"BASICS, New In, New-30, Ready to Stitch, Shirt & Trouser, Shop by Product, uploaded-22-Sept-26, winter-26, Woman, Women, WOMEN RTS, WOMEN-RTS-BASICS"
Alkaram Studio,RTS | SHIRT & TROUSER,2890.00,0.00,True,https://www.alkaramstudio.com/products/rts-shirt-trouser-br198-2p26-black,https://cdn.shopify.com/s/files/1/0623/6481/1444/files/BR198-2P26-Black-1.jpg?v=1790065768,"BASICS, New In, New-30, Ready to Stitch, Shirt & Trouser, Shop by Product, uploaded-22-Sept-26, winter-26, Woman, Women, WOMEN RTS, WOMEN-RTS-BASICS"
Alkaram Studio,RTS | SHIRT & TROUSER,2890.00,0.00,True,https://www.alkaramstudio.com/products/rts-shirt-trouser-bd358-2p26-red,https://cdn.shopify.com/s/files/1/0623/6481/1444/files/BD358-2P26-Red-1.jpg?v=1790065768,"BASICS, New In, New-30, Ready to Stitch, Shirt & Trouser, Shop by Product, uploaded-22-Sept-26, winter-26, Woman, Women, WOMEN RTS, WOMEN-RTS-BASICS"
Alkaram Studio,RTS | SHIRT & TROUSER,2890.00,0.00,True,https://www.alkaramstudio.com/products/rts-shirt-trouser-br239-2p26-brown,https://cdn.shopify.com/s/files/1/0623/6481/1444/files/BR239-2P26-Brown-1.jpg?v=1790065768,"BASICS, New In, New-30, Ready to Stitch, Shirt & Trouser, Shop by Product, uploaded-22-Sept-26, winter-26, Woman, Women, WOMEN RTS, WOMEN-RTS-BASICS"
Alkaram Studio,RTS | SHIRT & TROUSER,2890.00,0.00,True,https://www.alkaramstudio.com/products/rts-shirt-trouser-br355-2p26-teal-green,https://cdn.shopify.com/s/files/1/0623/6481/1444/files/BR355-2P26-Teal_Green-1.jpg?v=1790065768,"BASICS, New In, New-30, Ready to Stitch, Shirt & Trouser, Shop by Product, uploaded-22-Sept-26, winter-26, Woman, Women, WOMEN RTS, WOMEN-RTS-BASICS"
Alkaram Studio,RTS | SHIRT & DUPATTA,2890.00,0.00,True,https://www.alkaramstudio.com/products/rts-shirt-dupatta-br297-2p26-beige,https://cdn.shopify.com/s/files/1/0623/6481/1444/files/BR297-2P26-Beige-1.jpg?v=1790065766,"BASICS, New In, New-30, Ready to Stitch, Shirt & Dupatta, Shop by Product, uploaded-22-Sept-26, winter-26, Woman, Women, WOMEN RTS, WOMEN-RTS-BASICS"
Alkaram Studio,RTS | SHIRT & DUPATTA,2890.00,0.00,True,https://www.alkaramstudio.com/products/rts-shirt-dupatta-br300-2p26-maroon,https://cdn.shopify.com/s/files/1/0623/6481/1444/files/BR300-2P26-Maroon-1.jpg?v=1790065764,"BASICS, New In, New-30, Ready to Stitch, Shirt & Dupatta, Shop by Product, uploaded-22-Sept-26, winter-26, Woman, Women, WOMEN RTS, WOMEN-RTS-BASICS"
Alkaram Studio,RTS | SHIRT & DUPATTA,2890.00,0.00,True,https://www.alkaramstudio.com/products/rts-shirt-dupatta-bd347-2p26-beige,https://cdn.shopify.com/s/files/1/0623/6481/1444/files/BD347-2P26-Beige-1.jpg?v=1790065768,"BASICS, New In, New-30, Ready to Stitch, Shirt & Dupatta, Shop by Product, uploaded-22-Sept-26, winter-26, Woman, Women, WOMEN RTS, WOMEN-RTS-BASICS"
Alkaram Studio,RTS | SHIRT & DUPATTA,2890.00,0.00,True,https://www.alkaramstudio.com/products/rts-shirt-dupatta-br344-2p26-green,https://cdn.shopify.com/s/files/1/0623/6481/1444/files/BR344-2P26-Green-1.jpg?v=1790065765,"BASICS, New In, New-30, Ready to Stitch, Shirt & Dupatta, Shop by Product, uploaded-22-Sept-26, winter-26, Woman, Women, WOMEN RTS, WOMEN-RTS-BASICS"
Alkaram Studio,RTS | SHIRT & DUPATTA,2890.00,0.00,True,https://www.alkaramstudio.com/products/rts-shirt-dupatta-br342-2p26-beige,https://cdn.shopify.com/s/files/1/0623/6481/1444/files/BR342-2P26-Beige-1.jpg?v=1790065765,"BASICS, New In, New-30, Ready to Stitch, Shirt & Dupatta, Shop by Product, uploaded-22-Sept-26, winter-26, Woman, Women, WOMEN RTS, WOMEN-RTS-BASICS"
Alkaram Studio,RTS | SHIRT,5990.00,0.00,True,https://www.alkaramstudio.com/products/rts-shirt-cask-09-3p26-pale-maroon,https://cdn.shopify.com/s/files/1/0623/6481/1444/files/CASK-09-3P26-Pale_Maroon-1.jpg?v=1790333955,"Capsule, New In, New-30, Ready to Stitch, Shop Category, Silk, uploaded-25-Sept-26, winter-26, Woman, Women, WOMEN RTS, WOMEN-RTS-CAPSULE"
Alkaram Studio,"RTS | SHIRT, TROUSER & DUPATTA",3990.00,0.00,True,https://www.alkaramstudio.com/products/rts-shirt-trouser-dupatta-ec568-3p26a-grey,https://cdn.shopify.com/s/files/1/0623/6481/1444/files/EC568-3P26A-Grey-1.jpg?v=1790065797,"ESSENTIALS, New In, New-30, Ready to Stitch, Shirt- Trouser & Dupatta, Shop by Product, uploaded-24-Sept-26, winter-26, Woman, Women, WOMEN RTS, WOMEN-RTS-ESSENTIALS"
Alkaram Studio,"RTS | SHIRT, TROUSER & DUPATTA",3990.00,0.00,True,https://www.alkaramstudio.com/products/rts-shirt-trouser-dupatta-ec565-3p26a-mustard,https://cdn.shopify.com/s/files/1/0623/6481/1444/files/EC565-3P26A-Mustard-1.jpg?v=1790065798,"ESSENTIALS, New In, New-30, Ready to Stitch, Shirt- Trouser & Dupatta, Shop by Product, uploaded-24-Sept-26, winter-26, Woman, Women, WOMEN RTS, WOMEN-RTS-ESSENTIALS"
Alkaram Studio,RTS | SHIRT & DUPATTA,2890.00,0.00,True,https://www.alkaramstudio.com/products/rts-shirt-dupatta-br157-2p26-pink,https://cdn.shopify.com/s/files/1/0623/6481/1444/files/BR157-2P26-Pink-1.jpg?v=1790065769,"BASICS, New In, New-30, Ready to Stitch, Shirt & Dupatta, Shop by Product, uploaded-22-Sept-26, winter-26, Woman, Women, WOMEN RTS, WOMEN-RTS-BASICS"
Alkaram Studio,RTS | KAFTAN,6290.00,0.00,True,https://www.alkaramstudio.com/products/rts-kaftan-cask-03-3p26-teal,https://cdn.shopify.com/s/files/1/0623/6481/1444/files/CASK-03-3P26-Teal-2.jpg?v=1790333955,"Capsule, New In, New-30, Ready to Stitch, Shop Category, Silk, uploaded-25-Sept-26, winter-26, Woman, Women, WOMEN RTS, WOMEN-RTS-CAPSULE"
Alkaram Studio,"RTS | SHIRT, TROUSER & DUPATTA",4290.00,0.00,True,https://www.alkaramstudio.com/products/rts-shirt-trouser-dupatta-ec539-3p26b-beige,https://cdn.shopify.com/s/files/1/0623/6481/1444/files/EC539-3P26B-Beige-1.jpg?v=1790245154,"ESSENTIALS, New In, New-30, Ready to Stitch, Shirt- Trouser & Dupatta, Shop by Product, uploaded-24-Sept-26, winter-26, Woman, Women, WOMEN RTS, WOMEN-RTS-ESSENTIALS"
Alkaram Studio,RTS | KAFTAN,7890.00,0.00,True,https://www.alkaramstudio.com/products/rts-kaftan-cask-13-3p26-peach-ombre,https://cdn.shopify.com/s/files/1/0623/6481/1444/files/CASK-13-3P26-Peach_Ombre-1.jpg?v=1790333955,"Capsule, New In, New-30, Ready to Stitch, Shop Category, Silk, uploaded-25-Sept-26, winter-26, Woman, Women, WOMEN RTS, WOMEN-RTS-CAPSULE"
Alkaram Studio,RTS | SHIRT & TROUSER,2890.00,0.00,True,https://www.alkaramstudio.com/products/rts-shirt-trouser-br351-2p26-rust,https://cdn.shopify.com/s/files/1/0623/6481/1444/files/BR351-2P26-Rust-1.jpg?v=1790065768,"BASICS, New In, New-30, Ready to Stitch, Shirt & Trouser, Shop by Product, uploaded-22-Sept-26, winter-26, Woman, Women, WOMEN RTS, WOMEN-RTS-BASICS"
Alkaram Studio,RTW | SHIRT & CULOTTE,3625.00,6590.00,False,https://www.alkaramstudio.com/products/rtw-shirt-culotte-bj217-10-2p25-blue,https://cdn.shopify.com/s/files/1/0623/6481/1444/files/BJ217-10-2P25_1_44432c07-7697-4d98-95bb-f9f0eae7a3a2.jpg?v=1766573215,"BASICS, BJ217-10-2P25-Blue-Simplifiedsizechart, cut piece, New In, Ready To Wear, Shirt & Trouser, Shop By Product, uploaded-24-Dec-25, Woman, Women, Women RTW, WOMEN-RTW-BASICS"
Alkaram Studio,"RTW | SHIRT, CULOTTE & DUPATTA",8243.00,10990.00,False,https://www.alkaramstudio.com/products/rtw-shirt-culotte-dupatta-ede41-1-3p26-cream,https://cdn.shopify.com/s/files/1/0623/6481/1444/files/DSC03875-1.jpg?v=1780314352,"cut piece, EDE41-1-3P26-Cream-Simplifiedsizechart, Essentials, New In, Ready to Wear, Shirt- Trouser & Dupatta, SHOP BY OCCASSION, Shop by Product, uploade-07-March-26, Woman, Women, Women RTW, WOMEN-RTW-ESSENTIALS, WORKWEAR"
Alkaram Studio,RTW | SHALWAR,1868.00,2490.00,True,https://www.alkaramstudio.com/products/rtw-shalwar-shd25-11-053-cream,https://cdn.shopify.com/s/files/1/0623/6481/1444/files/SHD25-11-053_1.jpg?v=1776421859,"Basics, cut piece, New In, New-30 uploade-17-April-26, Ready to Wear, SHD25-11-053-Cream-Simplifiedsizechart, Shop by Category, Trouser, Woman, Women, Women RTW, WOMEN-RTW-BASICS"
Alkaram Studio,"RTW | SHIRT, CULOTTE & DUPATTA",7643.00,10190.00,False,https://www.alkaramstudio.com/products/rtw-shirt-culotte-dupatta-ede38-1-3p26-light-pink,https://cdn.shopify.com/s/files/1/0623/6481/1444/files/DSC03988-1.jpg?v=1780314472,"cut piece, EDE38-1-3P26-Light Pink-Simplifiedsizechart, Essentials, New In, Ready to Wear, Shirt- Trouser & Dupatta, Shop by Product, uploade-07-March-26, Woman, Women, Women RTW, WOMEN-RTW-ESSENTIALS"
Alkaram Studio,RTW | ABAYA & STOLE,4823.00,6890.00,True,https://www.alkaramstudio.com/products/rtw-abaya-stole-md106-1-2p26-navy,https://cdn.shopify.com/s/files/1/0623/6481/1444/files/MD106-1-2P26_1.jpg?v=1778565825,"cut piece, MD106-1-2P26-Navy-Simplifiedsizechart, MODEST, New In, New in Last Chance, Ready to Wear, uploade-11-May-26, Woman, Women, Women RTW, WOMEN-RTW-MODEST"
Alkaram Studio,RTS | BLENDED,4190.00,0.00,True,https://www.alkaramstudio.com/products/rts-blended-akmus-s26-121-light-teal,https://cdn.shopify.com/s/files/1/0623/6481/1444/files/AKMUS-S26-121_2.jpg?v=1782128152,"Blended, CORE, Man, Men, MEN-RTS, MEN-RTS-CORE, New In, Ready To Stitch, SUMMER, Summer-26, Uploaded-22-June-26"
Alkaram Studio,RTS | SHIRT & DUPATTA,2790.00,0.00,True,https://www.alkaramstudio.com/products/rts-shirt-dupatta-bd100-26-2-blue,https://cdn.shopify.com/s/files/1/0623/6481/1444/files/BD100-26-2-Blue-1.jpg?v=1777462709,"BASICS, Basics-26 Vol-2, New In, Ready to Stitch, Shirt & Dupatta, Shop by Product, Silver, SILVER LAWN, Summer-26, Uploaded-017-Jan-26, Woman, Women, Women RTS, Women RTS Azaadi Best Seller, Women RTS Best Seller, WOMEN-RTS-BASICS"
Alkaram Studio,RTW | SHIRT,1700.00,3090.00,False,https://www.alkaramstudio.com/products/rtw-shirt-cap3p25-6-362-blue,https://cdn.shopify.com/s/files/1/0623/6481/1444/files/CAP3P25-6-362_1_c0ad572d-99f0-4725-a359-e98e60c83f92.jpg?v=1764242843,"BASICS, New In, Ready To Wear, SHIRT, Shop By Product, uploaded-27-Nov-25, WINTER SALE 25, Woman, Women, Women RTW, WOMEN-RTW-BASICS"
Alkaram Studio,RTW | SHIRT,1393.00,1990.00,False,https://www.alkaramstudio.com/products/rtw-shirt-wsp25-9-739-yellow,https://cdn.shopify.com/s/files/1/0623/6481/1444/files/WSP25-9-739_1_21d55b6b-cde2-4449-b0f8-7684bb713008.jpg?v=1759232823,"Basics, Best Seller Women, Carousel RTW, cut piece, hide-label, Pret, Ready to Wear, Shirt, Shop by Product, Special Price-26, Speical Price Women, Test Collection, Uploaded-30-Sept-25, Woman, Women, Women RTW, WOMEN-RTW-BASICS, WSP25-9-739-Yellow-Simplifiedsizechart"
Alkaram Studio,RTW | TROUSER,1425.00,2590.00,False,https://www.alkaramstudio.com/products/rtw-trouser-r-mt-101-white,https://cdn.shopify.com/s/files/1/0623/6481/1444/files/R-MT-101_1_bc6f1f17-aea9-42c9-a76b-1fb9f9965903.jpg?v=1758876896,"BASICS, BOTTOMS, hide-label, Last Chance Man, Man, MEN-RTW, R-MT-101-White-Simplifiedsizechart, Ready To Wear, uploaded-26-Sept-25MEN-RTW-BASICS"
Alkaram Studio,RTW | SHIRT,1393.00,1990.00,False,https://www.alkaramstudio.com/products/rtw-shirt-wsp25-9-738-beige,https://cdn.shopify.com/s/files/1/0623/6481/1444/files/WSP25-9-738_1_217eb0a5-d476-4275-8a94-ebe01712dcf3.jpg?v=1761055176,"Basics, Best Seller Women, Carousel RTW, cut piece, hide-label, Ready to Wear, Shirt, Shop by Product, Special Price-26, Speical Price Women, Uploaded-21-OCt-25, Woman, Women, Women RTW, WSP25-9-738-Beige-Simplifiedsizechart"
Alkaram Studio,RTW | KURTA,2024.00,3680.00,False,https://www.alkaramstudio.com/products/dyed-blended-kurta-gmku1061-grey,https://cdn.shopify.com/s/files/1/0623/6481/1444/files/R-SP-420_S_2_0579b04a-b834-4755-83a3-ee5f7072cc79.jpg?v=1756810634,"40% ghost sale, 45% off july 25, BASICS, Flat 40% Nov, GMKU1061-GREY-Simplifiedsizechart, KURTA, Last Chance Man, Man, MEN-RTW, MEN-RTW-BASICS, New In, Ready To Wear, RTW, Shalwar Kameez, show-quickview, showpret, Under 3500, uploaded-11-june-24"
Alkaram Studio,"RTS  | SHIRT, TROUSER & DUPATTA",3590.00,0.00,True,https://www.alkaramstudio.com/products/rts-shirt-trouser-dupatta-efl-63-3p25-maroon,https://cdn.shopify.com/s/files/1/0623/6481/1444/files/EFL-63-3P25-Maroon-1_eefdaab3-791b-4cec-acad-d2e1c869f54b.jpg?v=1767790519,"ESSENTIALS, New In, Ready to Stitch, Shirt- Trouser & Dupatta, Shop by Product, Special Price-26, Speical Price Women, Staples, Summer-26, Woman, Women, Women Ready to Stitch, Women RTS Best Seller, WOMEN-RTS, Women-RTS-Essentials"
Alkaram Studio,"RTS  | SHIRT, TROUSER & DUPATTA",3390.00,0.00,True,https://www.alkaramstudio.com/products/rts-shirt-trouser-dupatta-efl-37-3p25-light-orange,https://cdn.shopify.com/s/files/1/0623/6481/1444/files/EFL-37-3P25-Light_Orange-1_cb7556af-d50e-4058-961b-fdf8b94fefc6.jpg?v=1767790423,"Essentials, Essentials Vol 1, New In, Ready to Stitch, Shirt- Trouser & Dupatta, Shop by Product, Special Price-26, Speical Price Women, Staples, summer'25, Summer-26, Woman, Women, Women Ready to Stitch, WOMEN RTS, Women-RTS-Essentials"
Alkaram Studio,RTW | KURTA & TROUSER,6990.00,0.00,True,https://www.alkaramstudio.com/products/rtw-kurta-trouser-r-tp-852-s-blue,https://cdn.shopify.com/s/files/1/0623/6481/1444/files/R-TP-852_S_3_33865b2e-4db0-4814-884e-58eb95352c31.jpg?v=1790065759,"Essentials, Kurta & Trouser, Kurta and Trouser, Man, Men, MEN-RTW-ESSENTIALS, New In, New-30, R-TP-852-Blue-Simplifiedsizechart, Ready to Wear, Shop by Product, Summer-26, uploaded-22-Aug-26"
Alkaram Studio,RTW | KURTA,3390.00,0.00,True,https://www.alkaramstudio.com/products/rtw-kurta-mk-sty26-005-coffee-bean,https://cdn.shopify.com/s/files/1/0623/6481/1444/files/MK-STY26-005_3.jpg?v=1790065758,"Essentials, Kurta, Man, Men, MEN-RTW-ESSENTIALS, MK-STY26-005-Coffee Bean-Simplifiedsizechart, New In, New-30, Ready to Wear, Shop by Product, Summer-26, uploaded-22-Aug-26"
Alkaram Studio,"RTS | SHIRT, TROUSER & DUPATTA",3990.00,,True,https://www.alkaramstudio.com/products/rts-shirt-trouser-dupatta-ec42-3p26-light-blue,https://cdn.shopify.com/s/files/1/0623/6481/1444/files/EC42-26-Light_Blue-1_1877b4b1-923b-440d-917f-a6f5eed86156.jpg?v=1768051164,"cut piece, Essentials, Essentials Vol 1, hide-label, New In, Ready to Stitch, Shirt- Trouser & Dupatta, Shop by Product, SUMMER BEST SELLERS, Summer discount 26, summer'25, Summer-26, uploaded-10-Jan-26, Woman, Women, WOMEN RTS, WOMEN-RTS-Essentials"
Alkaram Studio,"RTW | SHIRT, TROUSER & DUPATTA",12990.00,0.00,False,https://www.alkaramstudio.com/products/rtw-shirt-trouser-dupatta-lde242-2-3p26-maroon,https://cdn.shopify.com/s/files/1/0623/6481/1444/files/LDE242-2-3P26_1.jpg?v=1789554017,"LDE242-2-3P26-Maroon-Simplifiedsizechart, LUXE, New In, New-30, Ready to Wear, Shirt, Shirt- Trouser & Dupatta, Shop by Product, Trouser & Dupatta, uploade-16-Sept-26, Woman, Women, Women RTW, WOMEN-RTW-LUXE"
Alkaram Studio,RTW | SHIRT & TROUSER,9390.00,0.00,True,https://www.alkaramstudio.com/products/rtw-shirt-trouser-ede34-1-2p26-beige,https://cdn.shopify.com/s/files/1/0623/6481/1444/files/EDE34-1-2P26_1.jpg?v=1773469042,"EDE34-1-2P26-Beige-Simplifiedsizechart, Essentials, New In, Ready to Wear, Shirt & Trouser, Shop by Product, uploade-14-March-26, Woman, Women, Women RTW, WOMEN-RTW-ESSENTIALS"
Alkaram Studio,"RTS | SHIRT, TROUSER & DUPATTA",5990.00,,True,https://www.alkaramstudio.com/products/rts-shirt-trouser-dupatta-ec323-3p26-black,https://cdn.shopify.com/s/files/1/0623/6481/1444/files/EC323-3P26-Black-1.jpg?v=1783340565,"Essentials, Essentials Summer-26 Vol-3, New In, Ready to Stitch, Shirt- Trouser & Dupatta, Shop by Product, Summer-26, Uploaded-06-july-26, Woman, Women, Women RTS, WOMEN RTS-ESSENTIALS"
Alkaram Studio,DRAWSTRING TOTE BAG,5190.00,0.00,True,https://www.alkaramstudio.com/products/tote-bag-whbtb26-006-brown,https://cdn.shopify.com/s/files/1/0623/6481/1444/files/DSC_1169.jpg?v=1782979799,"Accessories, Bags, Handbags, New In, Uploaded-30-Apr-26, Women"
Alkaram Studio,RTW | SHIRT & TROUSER,8990.00,0.00,True,https://www.alkaramstudio.com/products/rtw-shirt-trouser-lde216-2-2p26-yellow,https://cdn.shopify.com/s/files/1/0623/6481/1444/files/LDE216-2-2P26_1.jpg?v=1789554016,"LDE216-2-2P26-Yellow-Simplifiedsizechart, LUXE, New In, New-30, Ready to Wear, Shirt, Shirt & Trouser, Shop by Product, Trouser & Dupatta, uploade-16-Sept-26, Woman, Women, Women RTW, WOMEN-RTW-LUXE"
Alkaram Studio,RTS | BLENDED,4390.00,0.00,True,https://www.alkaramstudio.com/products/rts-blended-akmus-s26-118-pastel-grey,https://cdn.shopify.com/s/files/1/0623/6481/1444/files/AKMUS-S26-118_3.jpg?v=1782128152,"Blended, CORE, Man, Men, MEN-RTS, MEN-RTS-CORE, New In, Ready To Stitch, SUMMER, Summer-26, Uploaded-22-June-26"
Alkaram Studio,Chain Strap Shoulder Bag – Black,7990.00,0.00,True,https://www.alkaramstudio.com/products/chain-strap-shoulder-bag-black,https://cdn.shopify.com/s/files/1/0623/6481/1444/files/WHBSB26-006_1.jpg?v=1777543526,"Accessories, Bags, Handbags, New In, Uploaded-30-Apr-26, Women"
Alkaram Studio,RTS | SHIRT,1190.00,0.00,True,https://www.alkaramstudio.com/products/rts-shirt-slr-120-25-7-blue,https://cdn.shopify.com/s/files/1/0623/6481/1444/files/SLR-120-25-7-Blue-1_9c130c52-57e4-479d-ab2b-9039351753f8.jpg?v=1763455837,"BASICS, New In, Ready to Stitch, Shirt, Shop by Product, Silver, Silver BASICS, SILVER CAMBRIC, Silver discount 26, uploaded-18-Nov-25, Woman, Women, Women RTS Best Seller, Women Silver, Women-RTS, WOMEN-RTS-BASICS"
Alkaram Studio,RTS | SHIRT & DUPATTA,2590.00,0.00,True,https://www.alkaramstudio.com/products/rts-shirt-dupatta-br93-26-2-peach,https://cdn.shopify.com/s/files/1/0623/6481/1444/files/BR93-26-2-peach-1.jpg?v=1772518035,"BASICS, Basics-26 Vol-2, New In, Ready to Stitch, Shirt & Dupatta, Shop by Product, Silver, SILVER LAWN, Summer-26, Uploaded-017-Jan-26, Woman, Women, Women RTS, Women RTS Azaadi Best Seller, Women RTS Best Seller, WOMEN-RTS-BASICS"
Alkaram Studio,RTS | SHIRT & DUPATTA,2590.00,0.00,True,https://www.alkaramstudio.com/products/rts-shirt-dupatta-br90-26-2-grey,https://cdn.shopify.com/s/files/1/0623/6481/1444/files/BR90-26-2-grey-1.jpg?v=1772518011,"BASICS, Basics-26 Vol-2, New In, Ready to Stitch, Selling-Fast, Shirt & Dupatta, Shop by Product, Silver, SILVER LAWN, Summer-26, Uploaded-017-Jan-26, Woman, Women, Women RTS, Women RTS Azaadi Best Seller, Women RTS Best Seller, WOMEN-RTS-BASICS"
Alkaram Studio,RTS | SHIRT & DUPATTA,2590.00,0.00,True,https://www.alkaramstudio.com/products/rts-shirt-dupatta-br91-26-2-teracotta,https://cdn.shopify.com/s/files/1/0623/6481/1444/files/BR91-26-2-teracotta-1.jpg?v=1772518019,"BASICS, Basics-26 Vol-2, New In, Ready to Stitch, Shirt & Dupatta, Shop by Product, Silver, SILVER LAWN, Summer-26, Uploaded-017-Jan-26, Woman, Women, Women RTS, WOMEN-RTS-BASICS"
Alkaram Studio,"RTS  | SHIRT, TROUSER & DUPATTA",3390.00,0.00,True,https://www.alkaramstudio.com/products/rts-shirt-trouser-dupatta-efl-37-3p25-off-white,https://cdn.shopify.com/s/files/1/0623/6481/1444/files/EFL-37-3P25-Off_White-1_d0e149ed-94df-4a6f-bf7e-383b1693d1a4.jpg?v=1767790421,"Essentials, New In, Ready to Stitch, Shirt- Trouser & Dupatta, Shop by Product, Special Price-26, Speical Price Women, Staples, summer'25, Summer-26, Woman, Women, Women Ready to Stitch, WOMEN RTS, Women-RTS-Essentials"
Alkaram Studio,"RTS | SHIRT, TROUSER & DUPATTA",6490.00,0.00,True,https://www.alkaramstudio.com/products/rts-shirt-trouser-dupatta-ec325-3p26-ochre,https://cdn.shopify.com/s/files/1/0623/6481/1444/files/EC325-3P26-Ochre-1_9ced6bde-9d67-460f-b7b1-f29a55baa5fd.jpg?v=1787051427,"Essentials, Essentials Summer-26 Vol-3, New In, Ready to Stitch, Shirt- Trouser & Dupatta, Shop by Product, Spring Summer, Summer-26, uploaded-18-Aug-26, Vol-3, Woman, Women, WOMEN RTS, WOMEN RTS-ESSENTIALS"
Alkaram Studio,"RTS | SHIRT, TROUSER & DUPATTA",6490.00,0.00,True,https://www.alkaramstudio.com/products/rts-shirt-trouser-dupatta-ec328-3p26-brown,https://cdn.shopify.com/s/files/1/0623/6481/1444/files/EC328-3P26-Brown-2_564cdd6e-9690-449b-a61f-014cd7179da3.jpg?v=1787051427,"Essentials, Essentials Summer-26 Vol-3, New In, Ready to Stitch, Shirt- Trouser & Dupatta, Shop by Product, Spring Summer, Summer-26, uploaded-18-Aug-26, Vol-3, Woman, Women, WOMEN RTS, WOMEN RTS-ESSENTIALS"
Alkaram Studio,"RTS | SHIRT, TROUSER & DUPATTA",3192.00,3990.00,True,https://www.alkaramstudio.com/products/rts-shirt-trouser-dupatta-ms148-3p26-b-cream,https://cdn.shopify.com/s/files/1/0623/6481/1444/files/MS-148.1-26-Cream-1.jpg?v=1768386268,"cut piece, Essentials, Essentials Vol 1, hide-label, Lawn 26, New In, Ready to Stitch, reprints, Shirt- Trouser & Dupatta, Shop by Product, SUMMER BEST SELLERS, summer'25, Summer-26, Summer-26 New-30, uploaded-12-Jan-26, Woman, Women, WOMEN RTS, WOMEN-RTS-Essentials"
Alkaram Studio,RTS  | SHIRT & DUPATTA,3090.00,0.00,True,https://www.alkaramstudio.com/products/rts-shirt-dupatta-bd265-2p26-light-blue,https://cdn.shopify.com/s/files/1/0623/6481/1444/files/BD265-2P26-Light_Blue-1.jpg?v=1787051421,"Basics, New In, Ready to Stitch, Shirt & Dupatta, Shop by Product, Summer-26, uploaded-18-Aug-26, Woman, Women, WOMEN RTS, WOMEN-RTS-BASICS"
Alkaram Studio,RTS  | SHIRT,1490.00,0.00,True,https://www.alkaramstudio.com/products/rts-shirt-br252-1p26-purple,https://cdn.shopify.com/s/files/1/0623/6481/1444/files/BR252-26-Purple-1_2bbc4d64-c6ca-4691-8234-b17719fd9a5a.jpg?v=1789363114,"Basics, Lawn carousel, New In, Ready to Stitch, Shirt, Shop by Product, Summer-26, uploaded-18-Aug-26, Woman, Women, WOMEN RTS, WOMEN-RTS-BASICS"
Alkaram Studio,RTS | SHIRT & DUPATTA,2590.00,0.00,True,https://www.alkaramstudio.com/products/rts-shirt-dupatta-br96-26-2-grey,https://cdn.shopify.com/s/files/1/0623/6481/1444/files/BR96-26-2-grey-1.jpg?v=1772518215,"BASICS, Basics-26 Vol-2, New In, Ready to Stitch, Shirt & Dupatta, Shop by Product, Silver, SILVER LAWN, Summer-26, Uploaded-017-Jan-26, Woman, Women, Women RTS, Women RTS Azaadi Best Seller, Women RTS Best Seller, WOMEN-RTS-BASICS"
Alkaram Studio,RTS | SHIRT & DUPATTA,2590.00,0.00,True,https://www.alkaramstudio.com/products/rts-shirt-dupatta-br94-26-2-lilac,https://cdn.shopify.com/s/files/1/0623/6481/1444/files/BR94-26-2-Lilac-1.jpg?v=1775644124,"BASICS, Basics-26 Vol-2, New In, Ready to Stitch, Shirt & Dupatta, Shop by Product, Silver, SILVER LAWN, Summer-26, Uploaded-017-Jan-26, Woman, Women, Women RTS, Women RTS Azaadi Best Seller, Women RTS Best Seller, WOMEN-RTS-BASICS"
Alkaram Studio,RTS  | SHIRT & DUPATTA,2590.00,0.00,True,https://www.alkaramstudio.com/products/rts-shirt-dupatta-br264-2p26-dark-green,https://cdn.shopify.com/s/files/1/0623/6481/1444/files/BR264-2P26-Dark_Green-1.jpg?v=1787051427,"Basics, New In, Ready to Stitch, Shirt & Dupatta, Shop by Product, Summer-26, uploaded-18-Aug-26, Woman, Women, WOMEN RTS, WOMEN-RTS-BASICS"
Alkaram Studio,RTS  | SHIRT & DUPATTA,2590.00,0.00,True,https://www.alkaramstudio.com/products/rts-shirt-dupatta-br261-2p26-olive,https://cdn.shopify.com/s/files/1/0623/6481/1444/files/BR261-2P26-Olive-1.jpg?v=1787051422,"Basics, New In, Ready to Stitch, Shirt & Dupatta, Shop by Product, Summer-26, uploaded-18-Aug-26, Woman, Women, WOMEN RTS, WOMEN-RTS-BASICS"
Alkaram Studio,RTS  | SHIRT & TROUSER,2790.00,0.00,True,https://www.alkaramstudio.com/products/rts-shirt-trouser-br268-2p26-cream,https://cdn.shopify.com/s/files/1/0623/6481/1444/files/BR268-2P26-Cream-1.jpg?v=1787051426,"Basics, New In, Ready to Stitch, Shirt & Trouser, Shop by Product, Summer-26, uploaded-18-Aug-26, Woman, Women, WOMEN RTS, WOMEN-RTS-BASICS"
Alkaram Studio,"RTS | SHIRT, TROUSER & DUPATTA",5690.00,0.00,True,https://www.alkaramstudio.com/products/rts-shirt-trouser-dupatta-ef113-26-2-maroon,https://cdn.shopify.com/s/files/1/0623/6481/1444/files/EF113-26-2-Maroon-1.jpg?v=1775819492,"Essentials, Essentials Vol 2, New In, Ready to Stitch, Shirt- Trouser & Dupatta, Shop by Product, Summer-26, Uploaded-10-Apr-26, Woman, Women, Women RTS, WOMEN-RTS-ESSENTIALS"
Alkaram Studio,"RTS | SHIRT, TROUSER & DUPATTA",5943.00,8490.00,True,https://www.alkaramstudio.com/products/3-pc-embroidered-cotton-lurex-jacquard-suit-with-yarn-dyed-dupatta-f2-12-25-sage,https://cdn.shopify.com/s/files/1/0623/6481/1444/files/F2-12-25-SAGE-1_b907ba1b-4a80-43f7-87d7-e268da552e73.jpg?v=1749021099,"25% off july 25, 3 Piece Fabrics, By Fabric, Collections, Embroidered, Festive, FESTIVE  Winter 25, Festive Summer 25, Jacquard, Lawn, Luxury, Meraki, New In, RTS Wedding Festive, Shirt Trouser & Dupatta, show-quickview, Signature, Summer 25, Unstitched, Uploaded-04-June-25, Woman, Women-RTS, WOMEN-RTS-ESSENTIALS"
Alkaram Studio,"RTS | SHIRT, TROUSER & DUPATTA",3439.00,5290.00,True,https://www.alkaramstudio.com/products/3-piece-printed-lawn-suit-with-printed-dobby-dupatta-ss-12-25-1-light-blue,https://cdn.shopify.com/s/files/1/0623/6481/1444/files/SS-12-25-1-LIGHT_BLUE-1_0552b274-58ea-4e0d-8ee1-7fad711fe9a4.jpg?v=1736419958,"20% ghost sale, 25% ghost, 3 Piece Fabrics, 45% off july 25, By collection Summer, By Fabric, catgeory sale, Collections, Eid Edition 25, Essentials, Last Chance Women, Lawn, Luxury Lawn 25, New In, Printed, Shirt Trouser & Dupatta, show-quickview, Spring Summer, SUMMER, Summer 25, SUMMER BEST SELLERS, SUMMER Winter 25, summer'25, Unstitched, uploaded-09-Jan-25, Woman, Women-RTS, WOMEN-RTS-ESSENTIALS"
Alkaram Studio,Acrylic Mufler,1645.00,2990.00,False,https://www.alkaramstudio.com/products/acrylic-sweater-gmfl015-tea-pink,https://cdn.shopify.com/s/files/1/0623/6481/1444/files/DSC07408_1_1f59cd72-5cd4-423f-b879-c103a0909629.jpg?v=1731741679,"40% ghost sale, 40% off july 25, New In, Outerwear, Ready to Wear, show-quickview, showpret, Sweaters, uploaded-16-Nov-24, Women"
Alkaram Studio,Aasman,890.00,0.00,False,https://www.alkaramstudio.com/products/body-mists-abmw-010,https://cdn.shopify.com/s/files/1/0623/6481/1444/files/DSC08288.jpg?v=1724071677,"Beauty, Beauty & Accessories, Body Mists, Fragrances, Ghost discount, New In, show-quickview, Uploaded-19-Aug-24"
Alkaram Studio,"RTW | SHIRT, TROUSER & DUPATTA",14690.00,0.00,True,https://www.alkaramstudio.com/products/rtw-shirt-trouser-dupatta-lde89-1-3p26-beige,https://cdn.shopify.com/s/files/1/0623/6481/1444/files/LDE89-1-3P26_1.jpg?v=1789384643,"LDE89-1-3P26-Beige-Simplifiedsizechart, Luxe, New In, New-30, Ready to Wear, Shirt, Shop by Product, Trouser & Dupatta, uploade-14-Sept-26, Woman, Women, Women RTW, WOMEN-RTW-LUXE"
Alkaram Studio,RTW | SHIRT & TROUSER,8190.00,0.00,True,https://www.alkaramstudio.com/products/rtw-shirt-trouser-bj19-1-2p26-blue,https://cdn.shopify.com/s/files/1/0623/6481/1444/files/BJ19-1-2P26_1.jpg?v=1789384643,"Basics, BJ19-1-2P26-Blue-Simplifiedsizechart, New In, New-30, Ready to Wear, Shirt & Trouser, Shop by Product, uploade-14-Sept-26, Woman, Women, Women RTW, WOMEN-RTW-BASICS"
Alkaram Studio,RTW | SHIRT & TROUSER,5690.00,0.00,True,https://www.alkaramstudio.com/products/rtw-shirt-trouser-wp61-8-2p25-pink,https://cdn.shopify.com/s/files/1/0623/6481/1444/files/WP61-8-2P25_1.jpg?v=1789384643,"New In, New-30, Ready to Wear, Shirt & Trouser, Shop by Product, uploade-14-Sept-26, Western, Woman, Women, Women RTW, WOMEN-RTW-WESTERN, WP61-8-2P25-Pink-Simplifiedsizechart"
Alkaram Studio,"RTW | SHIRT, TROUSER & DUPATTA",10290.00,0.00,True,https://www.alkaramstudio.com/products/rtw-shirt-trouser-dupatta-fde3p25-5-336-black,https://cdn.shopify.com/s/files/1/0623/6481/1444/files/FDE3P25-5-336_1.jpg?v=1789384643,"Luxe, New In, New-30, Ready to Wear, Shirt- Trouser & Dupatta, Shop by Product, uploade-14-Sept-26, Woman, Women, Women RTW, WOMEN-RTW-LUXE"
Alkaram Studio,RTW | SHIRT & CULOTTE,6490.00,0.00,True,https://www.alkaramstudio.com/products/rtw-shirt-culotte-epe52-1-2p26-beige,https://cdn.shopify.com/s/files/1/0623/6481/1444/files/EPE52-1-2P26_1.jpg?v=1789384643,"EPE52-1-2P26-Beige-Simplifiedsizechart, Essentials, New In, New-30, Ready to Wear, Shirt & Trouser, Shop by Product, uploade-14-Sept-26, Woman, Women, Women RTW, WOMEN-RTW-ESSENTIALS"
Alkaram Studio,RTW | SHIRT & CULOTTE,6990.00,0.00,False,https://www.alkaramstudio.com/products/rtw-shirt-culotte-ede23-1-2p26-blue,https://cdn.shopify.com/s/files/1/0623/6481/1444/files/EDE23-1-2P26_1.jpg?v=1789384643,"EDE23-1-2P26-Blue-Simplifiedsizechart, Essentials, New In, New-30, Ready to Wear, Shirt & Trouser, Shop by Product, uploade-14-Sept-26, Woman, Women, Women RTW, WOMEN-RTW-ESSENTIALS"
Alkaram Studio,RTS  | SHIRT,1490.00,0.00,True,https://www.alkaramstudio.com/products/rts-shirt-br256-1p26-brown,https://cdn.shopify.com/s/files/1/0623/6481/1444/files/BR256-26-Brown-1_efacdeda-b538-47f0-b98c-9a58380dc5a1.jpg?v=1789362926,"Basics, Cambric, Lawn carousel, New In, Ready to Stitch, Shirt, Shop by Product, Summer-26, uploaded-18-Aug-26, Woman, Women, WOMEN RTS, WOMEN-RTS-BASICS"
Alkaram Studio,RTS  | SHIRT,1490.00,0.00,True,https://www.alkaramstudio.com/products/rts-shirt-br255-1p26-pink,https://cdn.shopify.com/s/files/1/0623/6481/1444/files/BR255-26-Pink-2_0888f920-30f7-40fe-afb7-37e346739994.jpg?v=1789362700,"Basics, Cambric, Lawn carousel, New In, Ready to Stitch, Shirt, Shop by Product, Summer-26, uploaded-18-Aug-26, Woman, Women, WOMEN RTS, WOMEN-RTS-BASICS"
Alkaram Studio,RTS  | SHIRT,1490.00,0.00,True,https://www.alkaramstudio.com/products/rts-shirt-br254-1p26-pink,https://cdn.shopify.com/s/files/1/0623/6481/1444/files/BR254-26-Pink-1_e2c2e442-0aa0-466c-8800-3e4bb2ca915b.jpg?v=1789362575,"Basics, Cambric, Lawn carousel, New In, Ready to Stitch, Shirt, Shop by Product, Summer-26, uploaded-18-Aug-26, Woman, Women, WOMEN RTS, WOMEN-RTS-BASICS"
Alkaram Studio,RTS  | SHIRT,1690.00,0.00,True,https://www.alkaramstudio.com/products/rts-shirt-bd316-1p26-beige,https://cdn.shopify.com/s/files/1/0623/6481/1444/files/BD316-26-Beige-1_e7334309-76c9-41f9-9971-7240af071d1f.jpg?v=1789362469,"Basics, Cambric, Lawn carousel, New In, Ready to Stitch, Shirt, Shop by Product, Summer-26, uploaded-18-Aug-26, Woman, Women, WOMEN RTS, WOMEN-RTS-BASICS"
Alkaram Studio,RTW | KAMEEZ & TROUSER,3405.00,6190.00,False,https://www.alkaramstudio.com/products/slim-fit-kurta-trouser-gmsu1144-beige,https://cdn.shopify.com/s/files/1/0623/6481/1444/files/R-TP-703_S_2_3cdcb67b-9989-40ce-b56f-8f64a5748bb3.jpg?v=1756810131,"20% ghost sale, 45% off july 25, BASICS, Cotton-45, Fabric-45%, GMSU1144-Beige-Simplifiedsizechart, Kurta Shalwar, KURTA TROUSER, Last Chance Man, Man, Men cut piece, MEN-RTW, MEN-RTW-BASICS, New In, Ready To Wear, Sale 2022, Shalwar Kameez, show-quickview, showpret, uploaded-13-feb-25"
Alkaram Studio,RTW | KURTA & SHALWAR,3894.00,6490.00,False,https://www.alkaramstudio.com/products/rtw-kurta-shalwar-mks-bas26-045-blue-grey,https://cdn.shopify.com/s/files/1/0623/6481/1444/files/MKS-BAS26-045_3.jpg?v=1774962088,"ESSENTIALS, Kurta & Shalwar, Man, Men, Men cut piece, MEN-RTW, MEN-RTW-ESSENTIALS, MKS-BAS26-045-Blue Grey-Simplifiedsizechart, New In, Ready to Wear, Shop by Product, Summer-26, uploaded-31-March-26"
Alkaram Studio,RTS | SHIRT & TROUSER,2590.00,0.00,True,https://www.alkaramstudio.com/products/rts-shirt-trouser-br10826-2-grey,https://cdn.shopify.com/s/files/1/0623/6481/1444/files/BR10826-2-grey-1.jpg?v=1772518271,"BASICS, Basics-26 Vol-2, New In, Ready to Stitch, Shirt & Trouser, Shop by Product, Silver, SILVER LAWN, Summer-26, Uploaded-017-Jan-26, Woman, Women, Women RTS, Women RTS Best Seller, WOMEN-RTS-BASICS"
Alkaram Studio,RTS  | SHIRT,1192.00,1490.00,True,https://www.alkaramstudio.com/products/rts-shirt-bd251-1p26-green,https://cdn.shopify.com/s/files/1/0623/6481/1444/files/BD251-26-Green-1_741c0ebf-94c6-4156-926e-51c2e9921733.jpg?v=1789127954,"Basics, Cambric, Lawn carousel, New In, Ready to Stitch, Shirt, Shop by Product, Summer-26, uploaded-18-Aug-26, Woman, Women, WOMEN RTS, WOMEN-RTS-BASICS"
Alkaram Studio,RTS  | SHIRT,1192.00,1490.00,True,https://www.alkaramstudio.com/products/rts-shirt-br253-1p26-beige,https://cdn.shopify.com/s/files/1/0623/6481/1444/files/BR253-26-Beige-1_af1418df-c46a-4011-8bc2-c24238847c90.jpg?v=1789127884,"Basics, Cambric, Lawn carousel, New In, Ready to Stitch, Shirt, Shop by Product, Summer-26, uploaded-18-Aug-26, Woman, Women, WOMEN RTS, WOMEN-RTS-BASICS"
Alkaram Studio,RTW | SHIRT,1393.00,1990.00,False,https://www.alkaramstudio.com/products/rtw-shirt-be06-1-26-grey,https://cdn.shopify.com/s/files/1/0623/6481/1444/files/BE06-1-26_1_f59bb0f9-8643-41d9-8640-0c7db0916968.jpg?v=1771574089,"Basics, BE06-1-26-Grey-Simplifiedsizechart, Carousel RTW, cut piece, New In, Ready to Wear, Shirt, Shop by Product, Special Price-26, Speical Price Women, Summer-26, uploade-20-Feb-26, Woman, Women, Women RTW, WOMEN-RTW-BASICS"
Alkaram Studio,RTS | SHIRT & TROUSER,2590.00,0.00,True,https://www.alkaramstudio.com/products/rts-shirt-trouser-br111-26-2-beige,https://cdn.shopify.com/s/files/1/0623/6481/1444/files/BR111-26-2-beige-1.jpg?v=1772518265,"BASICS, Basics-26 Vol-2, New In, Ready to Stitch, Shirt & Trouser, Shop by Product, Silver, SILVER LAWN, Summer-26, Uploaded-017-Jan-26, Woman, Women, Women RTS, Women RTS Best Seller, WOMEN-RTS-BASICS"
Alkaram Studio,"RTS | SHIRT, TROUSER & DUPATTA",3569.00,5490.00,True,https://www.alkaramstudio.com/products/3-piece-printed-lawn-suit-with-printed-chiffon-dupatta-ss-16-25-1-purple,https://cdn.shopify.com/s/files/1/0623/6481/1444/files/SS-16-25-1-PURPLE-1_082c84a2-f0ee-4682-b7d8-f133700423a5.jpg?v=1736449656,"20% ghost sale, 25% ghost, 3 Piece Fabrics, 45% off july 25, By Fabric, catgeory sale, Collections, Essentials, Last Chance Women, Lawn, Luxury Lawn 25, New In, Printed, Purple Color, Shirt Trouser & Dupatta, show-quickview, Spring Summer, SUMMER, Summer 25, SUMMER BEST SELLERS, SUMMER Winter 25, summer'25, Unstitched, uploaded-09-Jan-25, Woman, Women-RTS, WOMEN-RTS-ESSENTIALS"
Alkaram Studio,RTS | SHIRT & TROUSER,2093.00,2990.00,True,https://www.alkaramstudio.com/products/rts-shirt-dupatta-ef148-26-2-beige,https://cdn.shopify.com/s/files/1/0623/6481/1444/files/EF148-26-2-Beige-1.jpg?v=1780915713,"Essentials, Essentials Vol 2, Lawn 26, New In, Ready to Stitch, Shirt & Dupatta, Shop by Product, Summer-26, Uploaded-10-Apr-26, Woman, Women, Women RTS, Women RTS Azaadi Best Seller, Women RTS Best Seller, WOMEN-RTS-ESSENTIALS"
Alkaram Studio,"RTS | SHIRT , TROUSER & DUPATTA",3843.00,5490.00,True,https://www.alkaramstudio.com/products/rts-shirt-trouser-dupatta-fw-159-25-2-off-white,https://cdn.shopify.com/s/files/1/0623/6481/1444/files/FW-159-25-2-OffWhite-1_3711c509-3d7e-49fe-81aa-af503471edd4.jpg?v=1763366197,"Best Seller Women, Essentials, Last Chance Women, Ready to Stitch, Shirt, Shop by Product, Trouser & Dupatta, uploaded-01-Nov-25, Winter 25, Winter Essentials, Winter-25 Vol-2, Woman, Women, Women RTS, Women RTS Azaadi Best Seller, Women RTS Best Seller, WOMEN-RTS-ESSENTIALS"
Alkaram Studio,RTS | SHIRT & DUPATTA,2139.00,3290.00,True,https://www.alkaramstudio.com/products/rts-shirt-dupatta-fw-138-25-1-tiffany-blue,https://cdn.shopify.com/s/files/1/0623/6481/1444/files/FW-138-25-1-TiffanyBlue-1_b372e455-dc0a-4468-b154-19a7c96ce100.jpg?v=1760090666,"Best Seller, Essentials, Ready to Stitch, Shirt & Dupatta, Shop by Product, uploaded-10-Oct-25, Winter, Winter 25, Winter Essentials, WINTER SALE 25, Winter-25 Vol-1, Woman, Women, Women RTS, Women RTS Azaadi Best Seller, Women RTS Best Seller"
Alkaram Studio,"RTS | SHIRT, TROUSER & DUPATTA",4219.00,6490.00,True,https://www.alkaramstudio.com/products/rts-shirt-trouser-dupatta-fw-84-1-25-1-orange,https://cdn.shopify.com/s/files/1/0623/6481/1444/files/FW-84.1-25-1-Orange-1.jpg?v=1762262530,"Best Seller, ESSENTIALS, Last Chance Women, Ready to Stitch, Shirt- Trouser & Dupatta, Shop by Product, uploaded-02-Oct-25, Winter, Winter 25, Winter Essentials, WINTER SALE 25, Winter-25 Vol-1, Woman, Women, Women RTS, Women RTS Azaadi Best Seller, Women RTS Best Seller, WOMEN-RTS-ESSENTIALS"
Alkaram Studio,"RTS | SHIRT, TROUSER & DUPATTA",3439.00,5290.00,True,https://www.alkaramstudio.com/products/rts-shirt-trouser-dupatta-fw-112-25-1-beige,https://cdn.shopify.com/s/files/1/0623/6481/1444/files/DSC09808.jpg?v=1762319398,"Best Seller, ESSENTIALS, Ready to Stitch, Shirt- Trouser & Dupatta, Shop by Product, uploaded-02-Oct-25, Winter, Winter 25, Winter Essentials, WINTER SALE 25, Winter-25 Vol-1, Woman, Women, Women RTS, Women RTS Azaadi Best Seller, Women RTS Best Seller, WOMEN-RTS-ESSENTIALS"
Alkaram Studio,"RTS | SHIRT, TROUSER & DUPATTA",9743.00,12990.00,True,https://www.alkaramstudio.com/products/rts-shirt-trouser-dupatta-lw-13-26-peach,https://cdn.shopify.com/s/files/1/0623/6481/1444/files/LW-13-26-Peach-1_16b28f0d-cfc3-4476-bb27-82547eea49c4.jpg?v=1771580188,"Luxe, New In, Ready to Stitch, Shirt- Trouser & Dupatta, SHOP BY OCCASSION, SHOP BY OCCASSION FESTIVE, Shop by Products, SPRING SUMMER'26, Summer-26, Uploaded-20-Jan-26, Woman, Women, Women RTS, Women RTS Azaadi Best Seller, Women RTS Best Seller, WOMEN-RTS-LUXE"
Alkaram Studio,"RTS | SHIRT, TROUSER & DUPATTA",8393.00,11990.00,True,https://www.alkaramstudio.com/products/3-piece-embroidered-lawn-suit-with-tissue-silk-dupatta-ll-11-25-1-sage-green,https://cdn.shopify.com/s/files/1/0623/6481/1444/files/LL-11-25-1-SAGE_GREEN-1_97bd0264-c9b0-44d7-b05b-230744d7cd38.jpg?v=1738133697,"20% ghost sale, 25% ghost, 45% off july 25, By collection Summer, By Fabric, catgeory sale, Collections, Eid Edition 25, FESTIVE Winter 25, Lawn, LUXURY LAWN, Luxury Lawn 25, New In, Printed, RTS Wedding Festive, Shirt Trouser & Dupatta, show-quickview, Signature, Spring Summer, Summer 25, summer'25, Unstitched, uploaded-09-Jan-25, WINTER SALE 25, Woman, Women RTS Azaadi Best Seller, Women RTS Best Seller, Women-RTS, WOMEN-RTS-ESSENTIALS"
Alkaram Studio,Braided Band Heels – Wine,5090.00,0.00,True,https://www.alkaramstudio.com/products/braided-band-heels-wine,https://cdn.shopify.com/s/files/1/0623/6481/1444/files/magnific_generate-6-different-angl_KLxcX0Nkqp.jpg?v=1788862878,"Accessories, Footwear, New In, Uploaded-13-Aug-26, Women"
Alkaram Studio,Basic Mules – Beige,5090.00,0.00,True,https://www.alkaramstudio.com/products/basic-mules-beige,https://cdn.shopify.com/s/files/1/0623/6481/1444/files/magnific_generate-4-different-angl_cpXIzro0eP.jpg?v=1788862731,"Accessories, Footwear, New In, Uploaded-13-Aug-26, Women"
Alkaram Studio,Basic Slides – Wine,4890.00,0.00,True,https://www.alkaramstudio.com/products/basic-slides-wine,https://cdn.shopify.com/s/files/1/0623/6481/1444/files/magnific_generate-4-different-angl_rgLINCRxtc.jpg?v=1788862631,"Accessories, Footwear, New In, Uploaded-13-Aug-26, Women"
Alkaram Studio,Sandals – Off White,5290.00,0.00,True,https://www.alkaramstudio.com/products/sandals-off-white,https://cdn.shopify.com/s/files/1/0623/6481/1444/files/magnific_generate-6-different-angl_KLrIFEpkqp.jpg?v=1788861196,"Accessories, Footwear, New In, Uploaded-13-Aug-26, Women"
Alkaram Studio,Sandals – Black,5290.00,0.00,True,https://www.alkaramstudio.com/products/sandals-black,https://cdn.shopify.com/s/files/1/0623/6481/1444/files/magnific_take-the-exact-slipper-fr_xS79lwHjfW.jpg?v=1788861025,"Accessories, Footwear, New In, Uploaded-13-Aug-26, Women"
Alkaram Studio,Sandals – Brown,5290.00,0.00,True,https://www.alkaramstudio.com/products/sandals-brown,https://cdn.shopify.com/s/files/1/0623/6481/1444/files/magnific_take-the-exact-slipper-fr_lJyKi39gv9.jpg?v=1788860960,"Accessories, Footwear, New In, Uploaded-13-Aug-26, Women"
Alkaram Studio,Wide Strap Mules – White,5590.00,0.00,True,https://www.alkaramstudio.com/products/wide-strap-mules-white,https://cdn.shopify.com/s/files/1/0623/6481/1444/files/magnific_generate-4-different-angl_Ifu5UiftvE.jpg?v=1788860912,"Accessories, Footwear, New In, Uploaded-13-Aug-26, Women"
Alkaram Studio,Wide Strap Mules – Brown,5590.00,0.00,True,https://www.alkaramstudio.com/products/wide-strap-mules-brown,https://cdn.shopify.com/s/files/1/0623/6481/1444/files/magnific_generate-4-different-angl_LwO3mzXswO.jpg?v=1788860868,"Accessories, Footwear, New In, Uploaded-13-Aug-26, Women"
Alkaram Studio,Cross Strap Wedge Sandals – Coffee,5690.00,0.00,True,https://www.alkaramstudio.com/products/cross-strap-wedge-sandals-coffee,https://cdn.shopify.com/s/files/1/0623/6481/1444/files/magnific_generate-4-different-angl_0eXzx04TfW_19761367-6a58-47d7-90ac-bde9df0675d9.jpg?v=1788860813,"Accessories, Footwear, New In, Uploaded-13-Aug-26, Women"
Alkaram Studio,Buckle Heels – Beige,4590.00,0.00,True,https://www.alkaramstudio.com/products/buckle-heels-beige,https://cdn.shopify.com/s/files/1/0623/6481/1444/files/magnific_generate-4-different-angl_bxLfoMU5Y2.jpg?v=1788860728,"Accessories, Footwear, New In, Uploaded-13-Aug-26, Women"
Alkaram Studio,Double Strap Flat Sandals – Beige,4390.00,0.00,True,https://www.alkaramstudio.com/products/double-strap-flat-sandals-beige,https://cdn.shopify.com/s/files/1/0623/6481/1444/files/magnific_take-the-exact-slipper-fr_s7O1rWrl8e.jpg?v=1788860647,"Accessories, Footwear, New In, Uploaded-13-Aug-26, Women"
Alkaram Studio,Double Strap Flat Sandals – Camel,4390.00,0.00,True,https://www.alkaramstudio.com/products/double-strap-flat-sandals-camel,https://cdn.shopify.com/s/files/1/0623/6481/1444/files/magnific_take-the-exact-slipper-fr_u5kBYfWQLD.jpg?v=1788860600,"Accessories, Footwear, New In, Uploaded-13-Aug-26, Women"
Alkaram Studio,Double Strap Flat Sandals – Black,4390.00,0.00,True,https://www.alkaramstudio.com/products/double-strap-flat-sandals-black,https://cdn.shopify.com/s/files/1/0623/6481/1444/files/magnific_generate-4-different-angl_rgw6sSjxtc.jpg?v=1788860554,"Accessories, Footwear, New In, Uploaded-13-Aug-26, Women"
Alkaram Studio,Knot Strap Slides – Maroon,3790.00,0.00,True,https://www.alkaramstudio.com/products/knot-strap-slides-maroon,https://cdn.shopify.com/s/files/1/0623/6481/1444/files/magnific_generate-4-different-angl_EbKhKAGuuO.jpg?v=1788860508,"Accessories, Footwear, New In, Uploaded-13-Aug-26, Women"
Alkaram Studio,Double Band Slides – Cream,4890.00,0.00,True,https://www.alkaramstudio.com/products/double-band-slides-cream,https://cdn.shopify.com/s/files/1/0623/6481/1444/files/magnific_take-the-exact-slipper-fr_w4Nxp1y7EI.jpg?v=1788860436,"Accessories, Footwear, New In, Uploaded-13-Aug-26, Women"
Alkaram Studio,Double Strap Buckle Slides – Taupe,4890.00,0.00,True,https://www.alkaramstudio.com/products/double-strap-buckle-slides-taupe,https://cdn.shopify.com/s/files/1/0623/6481/1444/files/magnific_take-the-exact-slipper-fr_JNir0E7Oq4.jpg?v=1788860384,"Accessories, Footwear, New In, Uploaded-13-Aug-26, Women"
Alkaram Studio,Double Strap Buckle Slides – Black,4890.00,0.00,True,https://www.alkaramstudio.com/products/double-strap-buckle-slides-black,https://cdn.shopify.com/s/files/1/0623/6481/1444/files/magnific_take-the-exact-slipper-fr_79iYpaVJAL.jpg?v=1788860335,"Accessories, Footwear, New In, Uploaded-13-Aug-26, Women"
Alkaram Studio,Double Strap Buckle Slides – Brown,4890.00,0.00,True,https://www.alkaramstudio.com/products/double-strap-buckle-slides-brown,https://cdn.shopify.com/s/files/1/0623/6481/1444/files/magnific_generate-4-different-angl_79incY6JAL.jpg?v=1788860279,"Accessories, Footwear, New In, Uploaded-13-Aug-26, Women"
Alkaram Studio,Square Buckle Slides – Camel,4890.00,0.00,True,https://www.alkaramstudio.com/products/square-buckle-slides-camel,https://cdn.shopify.com/s/files/1/0623/6481/1444/files/magnific_generate-4-different-angl_79inIyuJAL.jpg?v=1788860220,"Accessories, Footwear, New In, Uploaded-13-Aug-26, Women"
Alkaram Studio,Buckle Strap Slides – Black,4890.00,0.00,True,https://www.alkaramstudio.com/products/buckle-strap-slides-black,https://cdn.shopify.com/s/files/1/0623/6481/1444/files/magnific_take-the-exact-slipper-fr_jU7bdXFLD0.jpg?v=1788860177,"Accessories, Footwear, New In, Uploaded-13-Aug-26, Women"
Alkaram Studio,Buckle Strap Slides – Brown,4890.00,0.00,True,https://www.alkaramstudio.com/products/buckle-strap-slides-brown,https://cdn.shopify.com/s/files/1/0623/6481/1444/files/magnific_generate-4-different-angl_huFBdytvqL.jpg?v=1788860129,"Accessories, Footwear, New In, Uploaded-13-Aug-26, Women"
Alkaram Studio,"RTS | SHIRT, TROUSER & DUPATTA",5690.00,0.00,True,https://www.alkaramstudio.com/products/rts-shirt-trouser-dupatta-ec327-3p26-beige,https://cdn.shopify.com/s/files/1/0623/6481/1444/files/EC327-3P26-Beige-1_0a06967a-d51a-468a-b3c8-5c12d5998f63.jpg?v=1788859959,"Essentials, Essentials Summer-26 Vol-3, New In, Ready to Stitch, Shirt- Trouser & Dupatta, Shop by Product, Summer-26, Uploaded-06-july-26, Woman, Women, Women RTS, WOMEN RTS-ESSENTIALS"
Alkaram Studio,RTS | SHIRT & DUPATTA,2139.00,3290.00,True,https://www.alkaramstudio.com/products/rts-shirt-dupatta-fw-166-25-2-gray,https://cdn.shopify.com/s/files/1/0623/6481/1444/files/FW-166-25-2-Grey-1.jpg?v=1763366135,"Essentials, Last Chance Women, Ready to Stitch, Shirt & Dupatta, Shop by Product, uploaded-01-Nov-25, Winter 25, Winter Essentials, Winter-25 Vol-2, Woman, Women, Women RTS, Women RTS Azaadi Best Seller, Women RTS Best Seller, WOMEN-RTS-ESSENTIALS"
Alkaram Studio,RTS | SHIRT & TROUSER,2919.00,4490.00,True,https://www.alkaramstudio.com/products/rts-shirt-trouser-fw-122-1-25-1-blue,https://cdn.shopify.com/s/files/1/0623/6481/1444/files/FW-122.1-25-1-Blue-1_d6a7ad5e-7a8b-4bcf-9b05-48ec3080d361.jpg?v=1759410017,"Best Seller, ESSENTIALS, Ready to Stitch, Shirt & Trouser, Shop by Product, uploaded-02-Oct-25, Winter, Winter 25, Winter Essentials, WINTER SALE 25, Winter-25 Vol-1, Woman, Women, Women RTS, Women RTS Azaadi Best Seller, Women RTS Best Seller, WOMEN-RTS-ESSENTIALS"
Alkaram Studio,RTS | SHIRT & TROUSER,2139.00,3290.00,True,https://www.alkaramstudio.com/products/rts-shirt-trouser-fw-121-1-25-1-purple,https://cdn.shopify.com/s/files/1/0623/6481/1444/files/FW-121.1-25-1-Purple-1.jpg?v=1762262575,"Best Seller, ESSENTIALS, Purple Color, Ready to Stitch, Shirt & Trouser, Shop by Product, show-scarcity, uploaded-02-Oct-25, Winter, Winter 25, Winter Essentials, WINTER SALE 25, Winter-25 Vol-1, Woman, Women, Women RTS, Women RTS Azaadi Best Seller, Women RTS Best Seller, WOMEN-RTS-ESSENTIALS"
Alkaram Studio,RTS | SHIRT & DUPATTA,1944.00,2990.00,True,https://www.alkaramstudio.com/products/rts-shirt-dupatta-fw-119-1-25-1-purple,https://cdn.shopify.com/s/files/1/0623/6481/1444/files/FW-119.1-25-1-Purple-1_4c6a1c33-e8ee-4791-8dae-874c22739c47.jpg?v=1759410012,"Best Seller, ESSENTIALS, Purple Color, Ready to Stitch, Shirt & Dupatta, Shop by Product, show-scarcity, uploaded-02-Oct-25, Winter, Winter 25, Winter Essentials, WINTER SALE 25, Winter-25 Vol-1, Woman, Women, Women RTS, Women RTS Azaadi Best Seller, Women RTS Best Seller, WOMEN-RTS-ESSENTIALS"
Alkaram Studio,RTS | SHIRT & DUPATTA,1944.00,2990.00,True,https://www.alkaramstudio.com/products/rts-shirt-dupatta-fw-118-1-25-1-green,https://cdn.shopify.com/s/files/1/0623/6481/1444/files/FW-118.1-25-1-Green-1.jpg?v=1762262555,"Best Seller, ESSENTIALS, Ready to Stitch, Shirt & Dupatta, Shop by Product, uploaded-02-Oct-25, Winter, Winter 25, Winter Essentials, WINTER SALE 25, Winter-25 Vol-1, Woman, Women, Women RTS, Women RTS Azaadi Best Seller, Women RTS Best Seller, WOMEN-RTS-ESSENTIALS"
Alkaram Studio,"RTS | SHIRT, TROUSER & DUPATTA",4544.00,6990.00,True,https://www.alkaramstudio.com/products/rts-shirt-trouser-dupatta-fw-85-1-25-1-beige,https://cdn.shopify.com/s/files/1/0623/6481/1444/files/FW-85.1-25-1-Beige-1.jpg?v=1760350895,"Best Seller, ESSENTIALS, Last Chance Women, Ready to Stitch, Shirt- Trouser & Dupatta, Shop by Product, uploaded-02-Oct-25, Winter, Winter 25, Winter Essentials, WINTER SALE 25, Winter-25 Vol-1, Woman, Women, Women RTS, Women RTS Azaadi Best Seller, Women RTS Best Seller, WOMEN-RTS-ESSENTIALS"
Alkaram Studio,RTS | SHIRT & TROUSER,2139.00,3290.00,True,https://www.alkaramstudio.com/products/rts-shirt-trouser-fw-140-25-1-beige,https://cdn.shopify.com/s/files/1/0623/6481/1444/files/FW-140-25-1-Beige-1_4e761cdc-6f27-46e4-a388-6b73eff67ce6.jpg?v=1759409891,"Best Seller, ESSENTIALS, Ready to Stitch, Shirt & Trouser, Shop by Product, uploaded-02-Oct-25, Winter, Winter 25, Winter Essentials, WINTER SALE 25, Winter-25 Vol-1, Woman, Women, Women RTS, Women RTS Azaadi Best Seller, Women RTS Best Seller, WOMEN-RTS-ESSENTIALS"
Alkaram Studio,RTS | SHIRT & TROUSER,2139.00,3290.00,True,https://www.alkaramstudio.com/products/rts-shirt-trouser-fw-139-25-1-purple,https://cdn.shopify.com/s/files/1/0623/6481/1444/files/FW-139-25-1-Purple-1.jpg?v=1759843199,"Best Seller, ESSENTIALS, Purple Color, Ready to Stitch, Shirt & Trouser, Shop by Product, uploaded-02-Oct-25, Winter, Winter 25, Winter Essentials, WINTER SALE 25, Winter-25 Vol-1, Woman, Women, Women RTS, Women RTS Azaadi Best Seller, Women RTS Best Seller, WOMEN-RTS-ESSENTIALS"
Alkaram Studio,RTS | SHIRT & DUPATTA,1944.00,2990.00,True,https://www.alkaramstudio.com/products/rts-shirt-dupatta-fw-137-25-1-grey,https://cdn.shopify.com/s/files/1/0623/6481/1444/files/FW-137-25-1-Grey-1_254b1bce-ecab-45a8-95ab-9ecb7c0d7db7.jpg?v=1759409885,"Best Seller, ESSENTIALS, Ready to Stitch, Shirt & Dupatta, Shop by Product, uploaded-02-Oct-25, Winter, Winter 25, Winter Essentials, WINTER SALE 25, Winter-25 Vol-1, Woman, Women, Women RTS, Women RTS Azaadi Best Seller, Women RTS Best Seller, WOMEN-RTS-ESSENTIALS"
Alkaram Studio,"RTS | SHIRT, TROUSER & DUPATTA",3114.00,4790.00,True,https://www.alkaramstudio.com/products/rts-shirt-trouser-dupatta-fw-129-25-1-pink,https://cdn.shopify.com/s/files/1/0623/6481/1444/files/FW-129-25-1-Pink-1.jpg?v=1760009802,"Best Seller, ESSENTIALS, Ready to Stitch, Shirt- Trouser & Dupatta, Shop by Product, uploaded-02-Oct-25, Winter, Winter 25, Winter Essentials, WINTER SALE 25, Winter-25 Vol-1, Woman, Women, Women RTS, Women RTS Azaadi Best Seller, Women RTS Best Seller, WOMEN-RTS-ESSENTIALS"
Alkaram Studio,"RTS | SHIRT, TROUSER & DUPATTA",3114.00,4790.00,True,https://www.alkaramstudio.com/products/rts-shirt-trouser-dupatta-fw-129-25-1-lilac,https://cdn.shopify.com/s/files/1/0623/6481/1444/files/FW-129-25-1-Lilac-1.jpg?v=1760009788,"Best Seller, ESSENTIALS, Last Chance Women, Purple Color, Ready to Stitch, Shirt- Trouser & Dupatta, Shop by Product, uploaded-02-Oct-25, Winter, Winter 25, Winter Essentials, WINTER SALE 25, Winter-25 Vol-1, Woman, Women, Women RTS, Women RTS Azaadi Best Seller, Women RTS Best Seller, WOMEN-RTS-ESSENTIALS"
Alkaram Studio,"RTS | SHIRT, TROUSER & SHAWL",4544.00,6990.00,True,https://www.alkaramstudio.com/products/rts-shirt-trouser-shawl-fw-100-25-1-red,https://cdn.shopify.com/s/files/1/0623/6481/1444/files/FW-100-25-1-Red-1.jpg?v=1760009439,"Best Seller, ESSENTIALS, Last Chance Women, Ready to Stitch, Shirt- Trouser & Dupatta, Shop by Product, uploaded-02-Oct-25, Winter, Winter 25, Winter Essentials, WINTER SALE 25, Winter-25 Vol-1, Woman, Women, Women RTS, Women RTS Azaadi Best Seller, Women RTS Best Seller, WOMEN-RTS-ESSENTIALS"
Alkaram Studio,"RTS | SHIRT, TROUSER & SHAWL",3764.00,5790.00,True,https://www.alkaramstudio.com/products/rts-shirt-trouser-shawl-fw-90-25-1-off-white,https://cdn.shopify.com/s/files/1/0623/6481/1444/files/FW-90-25-1-OffWhite-1.jpg?v=1760350991,"Best Seller, ESSENTIALS, Last Chance Women, Ready to Stitch, Shirt- Trouser & Dupatta, Shop by Product, uploaded-02-Oct-25, Winter, Winter 25, Winter Essentials, WINTER SALE 25, Winter-25 Vol-1, Woman, Women, Women RTS, Women RTS Azaadi Best Seller, Women RTS Best Seller, WOMEN-RTS-ESSENTIALS"
Alkaram Studio,RTW | SHIRT & TROUSER,6390.00,0.00,True,https://www.alkaramstudio.com/products/rtw-shirt-trouser-wde166-2-2p26-blue,https://cdn.shopify.com/s/files/1/0623/6481/1444/files/WDE166-2-2P26_1.jpg?v=1788770011,"Essentials, everyday, New In, New-30, Ready to Wear, Shirt & Trouser, Shop by Product, uploade-07-Sept-26, WDE166-2-2P26-Blue-Simplifiedsizechart, WESTERN, Woman, Women, Women RTW, WOMEN-RTW-WESTERN"
Alkaram Studio,"RTW | SHIRT, TROUSER & DUPATTA",13990.00,0.00,False,https://www.alkaramstudio.com/products/rtw-shirt-trouser-dupatta-lpe76-1-3p26-navy,https://cdn.shopify.com/s/files/1/0623/6481/1444/files/LPE76-1-3P26_1.jpg?v=1788770011,"Formal New, LPE76-1-3P26-Navy-Simplifiedsizechart, Luxe, New In, New-30, Ready to Wear, Shirt- Trouser & Dupatta, Shop by Product, uploade-07-Sept-26, Woman, Women, Women RTW, WOMEN-RTW-LUXE"
Alkaram Studio,"RTW | SHIRT, TROUSER & DUPATTA",16690.00,0.00,True,https://www.alkaramstudio.com/products/rtw-shirt-trouser-dupatta-lpe98-1-3p26-blue,https://cdn.shopify.com/s/files/1/0623/6481/1444/files/LPE98-1-3P26_1.jpg?v=1788770011,"Formal New, LPE98-1-3P26-Blue-Simplifiedsizechart, Luxe, New In, New-30, Ready to Wear, Shirt- Trouser & Dupatta, Shop by Product, uploade-07-Sept-26, Woman, Women, Women RTW, WOMEN-RTW-LUXE"
Alkaram Studio,RTW | SHIRT & TROUSER,6390.00,0.00,False,https://www.alkaramstudio.com/products/rtw-shirt-trouser-ede225-10-2p25-green,https://cdn.shopify.com/s/files/1/0623/6481/1444/files/EDE225-10-2P25_1.jpg?v=1788770011,"EDE225-10-2P25-Green-Simplifiedsizechart, Essentials, Formal New, New In, New-30, Ready to Wear, Shirt & Trouser, Shop by Product, uploade-07-Sept-26, Woman, Women, Women RTW, WOMEN-RTW-ESSENTIALS"
Alkaram Studio,RTW | SHIRT & TROUSER,6290.00,0.00,True,https://www.alkaramstudio.com/products/rtw-shirt-trouser-epe123-9-2p25-aqua-green,https://cdn.shopify.com/s/files/1/0623/6481/1444/files/EPE123-9-2P25_1.jpg?v=1788770011,"EPE123-9-2P25-Aqua Green-Simplifiedsizechart, Essentials, everyday, New In, New-30, Ready to Wear, Shirt & Trouser, Shop by Product, uploade-07-Sept-26, Woman, Women, Women RTW, WOMEN-RTW-ESSENTIALS"
Alkaram Studio,RTS | SHIRT & TROUSER,2072.00,2590.00,True,https://www.alkaramstudio.com/products/rts-shirt-trouser-br174-2p26-3-lilac,https://cdn.shopify.com/s/files/1/0623/6481/1444/files/BR174-2P26-3-Lilac-1.jpg?v=1776065383,"Basics, Basics-26 vol-3, cut piece, hide-label, New In, Ready to Stitch, Shirt & Trouser, Shop by Product, Summer-26, Uploaded-13-Apr-26, Woman, Women, Women RTS, Women RTS Best Seller, WOMEN-RTS-BASICS"
Alkaram Studio,RTW | SHIRT & CULOTTE,8290.00,0.00,False,https://www.alkaramstudio.com/products/rtw-shirt-culotte-epe50-1-2p26-blue,https://cdn.shopify.com/s/files/1/0623/6481/1444/files/EPE50-1-2P26_1.jpg?v=1788770011,"EPE50-1-2P26-Blue-Simplifiedsizechart, Essentials, New In, New-30, Ready to Wear, Shirt & Trouser, Shop by Product, uploade-07-Sept-26, Woman, Women, Women RTW, WOMEN-RTW-ESSENTIALS"
Alkaram Studio,"RTS | SHIRT, TROUSER & DUPATTA",3192.00,3990.00,True,https://www.alkaramstudio.com/products/rts-shirt-trouser-dupatta-ec102-3p26-b-yellow,https://cdn.shopify.com/s/files/1/0623/6481/1444/files/DSC09292_jpg.jpg?v=1787311425,"cut piece, Essentials, Essentials Vol 1, hide-label, Lawn 26, New In, Ready to Stitch, reprints, Shirt- Trouser & Dupatta, Shop by Product, Summer-26, uploaded-18-Jan-26, Woman, Women, WOMEN RTS, WOMEN-RTS-Essentials"
Alkaram Studio,"RTS  | SHIRT, TROUSER & DUPATTA",3590.00,0.00,True,https://www.alkaramstudio.com/products/rts-shirt-trouser-dupatta-efl-48-3p25-red,https://cdn.shopify.com/s/files/1/0623/6481/1444/files/EFL-48-3P25-Red-1.jpg?v=1783667676,"ESSENTIALS, New In, Ready to Stitch, Shirt- Trouser & Dupatta, Shop by Product, Special Price-26, Speical Price Women, Staples, Summer-26, Woman, Women, Women Ready to Stitch, WOMEN-RTS, Women-RTS-Essentials"
Alkaram Studio,"RTS  | SHIRT, TROUSER & DUPATTA",3590.00,0.00,True,https://www.alkaramstudio.com/products/rts-shirt-trouser-dupatta-efl-78-3p25-blue,https://cdn.shopify.com/s/files/1/0623/6481/1444/files/EFL-78-3P25-Blue-1.jpg?v=1783944560,"ESSENTIALS, New In, Ready to Stitch, Shirt- Trouser & Dupatta, Shop by Product, Special Price-26, Speical Price Women, Staples, Summer-26, Woman, Women, Women Ready to Stitch, WOMEN-RTS, Women-RTS-Essentials"
Alkaram Studio,RTS  | SHIRT,1690.00,0.00,True,https://www.alkaramstudio.com/products/rts-shirt-bd258-26-pink,https://cdn.shopify.com/s/files/1/0623/6481/1444/files/BD258-26-Pink-1.jpg?v=1787051421,"Basics, Cambric, New In, Ready to Stitch, Shirt, Shop by Product, Summer-26, uploaded-18-Aug-26, Woman, Women, WOMEN RTS, WOMEN-RTS-BASICS"
Alkaram Studio,"RTS  | SHIRT, TROUSER & DUPATTA",3590.00,0.00,True,https://www.alkaramstudio.com/products/rts-shirt-trouser-dupatta-efl-78-3p25-red,https://cdn.shopify.com/s/files/1/0623/6481/1444/files/EFL-78-3P25-Red-1.jpg?v=1783944571,"ESSENTIALS, New In, Ready to Stitch, Shirt- Trouser & Dupatta, Shop by Product, Special Price-26, Speical Price Women, Staples, Summer-26, Woman, Women, Women Ready to Stitch, WOMEN-RTS, Women-RTS-Essentials"
Alkaram Studio,"RTS  | SHIRT, TROUSER & DUPATTA",3590.00,0.00,True,https://www.alkaramstudio.com/products/rts-shirt-trouser-dupatta-efl-77-3p25-red,https://cdn.shopify.com/s/files/1/0623/6481/1444/files/EFL-77-3P25-Red-1.jpg?v=1783944552,"ESSENTIALS, New In, Ready to Stitch, Shirt- Trouser & Dupatta, Shop by Product, Special Price-26, Speical Price Women, Staples, Summer-26, Woman, Women, Women Ready to Stitch, WOMEN-RTS, Women-RTS-Essentials"
Alkaram Studio,"RTS  | SHIRT, TROUSER & DUPATTA",3590.00,0.00,True,https://www.alkaramstudio.com/products/rts-shirt-trouser-dupatta-efl-74-3p25-beige,https://cdn.shopify.com/s/files/1/0623/6481/1444/files/EFL-74-3P25-Beige-1.jpg?v=1783944497,"ESSENTIALS, New In, Ready to Stitch, Shirt- Trouser & Dupatta, Shop by Product, Special Price-26, Speical Price Women, Staples, Summer-26, Woman, Women, Women Ready to Stitch, WOMEN-RTS, Women-RTS-Essentials"
